timestamp,sensor_id,valor
2025-09-01 00:00:00,TEMP01,21.3
2025-09-01 00:00:00,LUX01,0.0
2025-09-01 00:00:00,OCC01,0.0
2025-09-01 00:15:00,TEMP01,20.7
2025-09-01 00:15:00,LUX01,0.0
2025-09-01 00:15:00,OCC01,0.0
2025-09-01 00:30:00,TEMP01,20.4
2025-09-01 00:30:00,LUX01,0.0
2025-09-01 00:30:00,OCC01,0.0
2025-09-01 00:45:00,TEMP01,21.2
2025-09-01 00:45:00,LUX01,0.0
2025-09-01 00:45:00,OCC01,0.0
2025-09-01 01:00:00,TEMP01,22.1
2025-09-01 01:00:00,LUX01,0.0
2025-09-01 01:00:00,OCC01,0.0
2025-09-01 01:15:00,TEMP01,21.0
2025-09-01 01:15:00,LUX01,0.0
2025-09-01 01:15:00,OCC01,0.0
2025-09-01 01:30:00,TEMP01,21.0
2025-09-01 01:30:00,LUX01,0.0
2025-09-01 01:30:00,OCC01,0.0
2025-09-01 01:45:00,TEMP01,21.3
2025-09-01 01:45:00,LUX01,0.0
2025-09-01 01:45:00,OCC01,0.0
2025-09-01 02:00:00,TEMP01,21.1
2025-09-01 02:00:00,LUX01,0.0
2025-09-01 02:00:00,OCC01,0.0
2025-09-01 02:15:00,TEMP01,21.4
2025-09-01 02:15:00,LUX01,0.0
2025-09-01 02:15:00,OCC01,0.0
2025-09-01 02:30:00,TEMP01,21.2
2025-09-01 02:30:00,LUX01,0.0
2025-09-01 02:30:00,OCC01,0.0
2025-09-01 02:45:00,TEMP01,20.9
2025-09-01 02:45:00,LUX01,0.0
2025-09-01 02:45:00,OCC01,0.0
2025-09-01 03:00:00,TEMP01,20.5
2025-09-01 03:00:00,LUX01,0.0
2025-09-01 03:00:00,OCC01,0.0
2025-09-01 03:15:00,TEMP01,21.2
2025-09-01 03:15:00,LUX01,0.0
2025-09-01 03:15:00,OCC01,0.0
2025-09-01 03:30:00,TEMP01,20.3
2025-09-01 03:30:00,LUX01,0.0
2025-09-01 03:30:00,OCC01,0.0
2025-09-01 03:45:00,TEMP01,21.8
2025-09-01 03:45:00,LUX01,0.0
2025-09-01 03:45:00,OCC01,0.0
2025-09-01 04:00:00,TEMP01,20.1
2025-09-01 04:00:00,LUX01,0.0
2025-09-01 04:00:00,OCC01,0.0
2025-09-01 04:15:00,TEMP01,21.7
2025-09-01 04:15:00,LUX01,0.0
2025-09-01 04:15:00,OCC01,0.0
2025-09-01 04:30:00,TEMP01,20.5
2025-09-01 04:30:00,LUX01,0.0
2025-09-01 04:30:00,OCC01,0.0
2025-09-01 04:45:00,TEMP01,21.2
2025-09-01 04:45:00,LUX01,0.0
2025-09-01 04:45:00,OCC01,0.0
2025-09-01 05:00:00,TEMP01,21.1
2025-09-01 05:00:00,LUX01,0.0
2025-09-01 05:00:00,OCC01,0.0
2025-09-01 05:15:00,TEMP01,21.9
2025-09-01 05:15:00,LUX01,0.0
2025-09-01 05:15:00,OCC01,0.0
2025-09-01 05:30:00,TEMP01,21.4
2025-09-01 05:30:00,LUX01,0.0
2025-09-01 05:30:00,OCC01,0.0
2025-09-01 05:45:00,TEMP01,20.0
2025-09-01 05:45:00,LUX01,0.0
2025-09-01 05:45:00,OCC01,0.0
2025-09-01 06:00:00,TEMP01,24.6
2025-09-01 06:00:00,LUX01,473.0
2025-09-01 06:00:00,OCC01,1.0
2025-09-01 06:15:00,TEMP01,24.3
2025-09-01 06:15:00,LUX01,310.0
2025-09-01 06:15:00,OCC01,0.0
2025-09-01 06:30:00,TEMP01,24.6
2025-09-01 06:30:00,LUX01,397.0
2025-09-01 06:30:00,OCC01,0.0
2025-09-01 06:45:00,TEMP01,24.5
2025-09-01 06:45:00,LUX01,456.0
2025-09-01 06:45:00,OCC01,0.0
2025-09-01 07:00:00,TEMP01,23.6
2025-09-01 07:00:00,LUX01,386.0
2025-09-01 07:00:00,OCC01,0.0
2025-09-01 07:15:00,TEMP01,23.5
2025-09-01 07:15:00,LUX01,385.0
2025-09-01 07:15:00,OCC01,0.0
2025-09-01 07:30:00,TEMP01,24.8
2025-09-01 07:30:00,LUX01,389.0
2025-09-01 07:30:00,OCC01,0.0
2025-09-01 07:45:00,TEMP01,23.7
2025-09-01 07:45:00,LUX01,350.0
2025-09-01 07:45:00,OCC01,0.0
2025-09-01 08:00:00,TEMP01,23.9
2025-09-01 08:00:00,LUX01,485.0
2025-09-01 08:00:00,OCC01,1.0
2025-09-01 08:15:00,TEMP01,24.3
2025-09-01 08:15:00,LUX01,301.0
2025-09-01 08:15:00,OCC01,0.0
2025-09-01 08:30:00,TEMP01,23.2
2025-09-01 08:30:00,LUX01,382.0
2025-09-01 08:30:00,OCC01,1.0
2025-09-01 08:45:00,TEMP01,23.5
2025-09-01 08:45:00,LUX01,515.0
2025-09-01 08:45:00,OCC01,1.0
2025-09-01 09:00:00,TEMP01,24.2
2025-09-01 09:00:00,LUX01,473.0
2025-09-01 09:00:00,OCC01,1.0
2025-09-01 09:15:00,TEMP01,23.9
2025-09-01 09:15:00,LUX01,408.0
2025-09-01 09:15:00,OCC01,1.0
2025-09-01 09:30:00,TEMP01,24.0
2025-09-01 09:30:00,LUX01,473.0
2025-09-01 09:30:00,OCC01,1.0
2025-09-01 09:45:00,TEMP01,24.8
2025-09-01 09:45:00,LUX01,356.0
2025-09-01 09:45:00,OCC01,0.0
2025-09-01 10:00:00,TEMP01,24.8
2025-09-01 10:00:00,LUX01,357.0
2025-09-01 10:00:00,OCC01,1.0
2025-09-01 10:15:00,TEMP01,23.7
2025-09-01 10:15:00,LUX01,450.0
2025-09-01 10:15:00,OCC01,1.0
2025-09-01 10:30:00,TEMP01,24.0
2025-09-01 10:30:00,LUX01,564.0
2025-09-01 10:30:00,OCC01,0.0
2025-09-01 10:45:00,TEMP01,23.8
2025-09-01 10:45:00,LUX01,432.0
2025-09-01 10:45:00,OCC01,1.0
2025-09-01 11:00:00,TEMP01,23.4
2025-09-01 11:00:00,LUX01,569.0
2025-09-01 11:00:00,OCC01,1.0
2025-09-01 11:15:00,TEMP01,23.9
2025-09-01 11:15:00,LUX01,533.0
2025-09-01 11:15:00,OCC01,1.0
2025-09-01 11:30:00,TEMP01,24.1
2025-09-01 11:30:00,LUX01,544.0
2025-09-01 11:30:00,OCC01,0.0
2025-09-01 11:45:00,TEMP01,23.5
2025-09-01 11:45:00,LUX01,487.0
2025-09-01 11:45:00,OCC01,1.0
2025-09-01 12:00:00,TEMP01,24.5
2025-09-01 12:00:00,LUX01,381.0
2025-09-01 12:00:00,OCC01,1.0
2025-09-01 12:15:00,TEMP01,24.4
2025-09-01 12:15:00,LUX01,477.0
2025-09-01 12:15:00,OCC01,1.0
2025-09-01 12:30:00,TEMP01,24.2
2025-09-01 12:30:00,LUX01,312.0
2025-09-01 12:30:00,OCC01,0.0
2025-09-01 12:45:00,TEMP01,24.5
2025-09-01 12:45:00,LUX01,522.0
2025-09-01 12:45:00,OCC01,1.0
2025-09-01 13:00:00,TEMP01,23.9
2025-09-01 13:00:00,LUX01,394.0
2025-09-01 13:00:00,OCC01,1.0
2025-09-01 13:15:00,TEMP01,24.1
2025-09-01 13:15:00,LUX01,576.0
2025-09-01 13:15:00,OCC01,1.0
2025-09-01 13:30:00,TEMP01,24.1
2025-09-01 13:30:00,LUX01,365.0
2025-09-01 13:30:00,OCC01,0.0
2025-09-01 13:45:00,TEMP01,24.8
2025-09-01 13:45:00,LUX01,398.0
2025-09-01 13:45:00,OCC01,0.0
2025-09-01 14:00:00,TEMP01,24.1
2025-09-01 14:00:00,LUX01,512.0
2025-09-01 14:00:00,OCC01,1.0
2025-09-01 14:15:00,TEMP01,23.5
2025-09-01 14:15:00,LUX01,470.0
2025-09-01 14:15:00,OCC01,1.0
2025-09-01 14:30:00,TEMP01,24.3
2025-09-01 14:30:00,LUX01,593.0
2025-09-01 14:30:00,OCC01,0.0
2025-09-01 14:45:00,TEMP01,25.0
2025-09-01 14:45:00,LUX01,312.0
2025-09-01 14:45:00,OCC01,0.0
2025-09-01 15:00:00,TEMP01,23.8
2025-09-01 15:00:00,LUX01,396.0
2025-09-01 15:00:00,OCC01,1.0
2025-09-01 15:15:00,TEMP01,23.8
2025-09-01 15:15:00,LUX01,303.0
2025-09-01 15:15:00,OCC01,1.0
2025-09-01 15:30:00,TEMP01,24.8
2025-09-01 15:30:00,LUX01,572.0
2025-09-01 15:30:00,OCC01,1.0
2025-09-01 15:45:00,TEMP01,23.4
2025-09-01 15:45:00,LUX01,330.0
2025-09-01 15:45:00,OCC01,0.0
2025-09-01 16:00:00,TEMP01,23.8
2025-09-01 16:00:00,LUX01,327.0
2025-09-01 16:00:00,OCC01,0.0
2025-09-01 16:15:00,TEMP01,24.1
2025-09-01 16:15:00,LUX01,301.0
2025-09-01 16:15:00,OCC01,1.0
2025-09-01 16:30:00,TEMP01,22.9
2025-09-01 16:30:00,LUX01,360.0
2025-09-01 16:30:00,OCC01,1.0
2025-09-01 16:45:00,TEMP01,24.1
2025-09-01 16:45:00,LUX01,569.0
2025-09-01 16:45:00,OCC01,0.0
2025-09-01 17:00:00,TEMP01,24.0
2025-09-01 17:00:00,LUX01,539.0
2025-09-01 17:00:00,OCC01,1.0
2025-09-01 17:15:00,TEMP01,24.5
2025-09-01 17:15:00,LUX01,450.0
2025-09-01 17:15:00,OCC01,1.0
2025-09-01 17:30:00,TEMP01,24.8
2025-09-01 17:30:00,LUX01,449.0
2025-09-01 17:30:00,OCC01,1.0
2025-09-01 17:45:00,TEMP01,23.8
2025-09-01 17:45:00,LUX01,567.0
2025-09-01 17:45:00,OCC01,0.0
2025-09-01 18:00:00,TEMP01,21.9
2025-09-01 18:00:00,LUX01,346.0
2025-09-01 18:00:00,OCC01,0.0
2025-09-01 18:15:00,TEMP01,22.3
2025-09-01 18:15:00,LUX01,463.0
2025-09-01 18:15:00,OCC01,0.0
2025-09-01 18:30:00,TEMP01,21.3
2025-09-01 18:30:00,LUX01,573.0
2025-09-01 18:30:00,OCC01,0.0
2025-09-01 18:45:00,TEMP01,21.6
2025-09-01 18:45:00,LUX01,358.0
2025-09-01 18:45:00,OCC01,0.0
2025-09-01 19:00:00,TEMP01,21.6
2025-09-01 19:00:00,LUX01,261.0
2025-09-01 19:00:00,OCC01,0.0
2025-09-01 19:15:00,TEMP01,22.2
2025-09-01 19:15:00,LUX01,103.0
2025-09-01 19:15:00,OCC01,0.0
2025-09-01 19:30:00,TEMP01,22.7
2025-09-01 19:30:00,LUX01,232.0
2025-09-01 19:30:00,OCC01,0.0
2025-09-01 19:45:00,TEMP01,21.6
2025-09-01 19:45:00,LUX01,158.0
2025-09-01 19:45:00,OCC01,0.0
2025-09-01 20:00:00,TEMP01,21.9
2025-09-01 20:00:00,LUX01,198.0
2025-09-01 20:00:00,OCC01,0.0
2025-09-01 20:15:00,TEMP01,23.1
2025-09-01 20:15:00,LUX01,185.0
2025-09-01 20:15:00,OCC01,0.0
2025-09-01 20:30:00,TEMP01,21.4
2025-09-01 20:30:00,LUX01,219.0
2025-09-01 20:30:00,OCC01,0.0
2025-09-01 20:45:00,TEMP01,21.7
2025-09-01 20:45:00,LUX01,189.0
2025-09-01 20:45:00,OCC01,0.0
2025-09-01 21:00:00,TEMP01,21.3
2025-09-01 21:00:00,LUX01,177.0
2025-09-01 21:00:00,OCC01,0.0
2025-09-01 21:15:00,TEMP01,21.9
2025-09-01 21:15:00,LUX01,161.0
2025-09-01 21:15:00,OCC01,0.0
2025-09-01 21:30:00,TEMP01,22.6
2025-09-01 21:30:00,LUX01,186.0
2025-09-01 21:30:00,OCC01,0.0
2025-09-01 21:45:00,TEMP01,22.7
2025-09-01 21:45:00,LUX01,288.0
2025-09-01 21:45:00,OCC01,0.0
2025-09-01 22:00:00,TEMP01,21.0
2025-09-01 22:00:00,LUX01,149.0
2025-09-01 22:00:00,OCC01,0.0
2025-09-01 22:15:00,TEMP01,21.7
2025-09-01 22:15:00,LUX01,253.0
2025-09-01 22:15:00,OCC01,0.0
2025-09-01 22:30:00,TEMP01,22.2
2025-09-01 22:30:00,LUX01,168.0
2025-09-01 22:30:00,OCC01,0.0
2025-09-01 22:45:00,TEMP01,21.6
2025-09-01 22:45:00,LUX01,232.0
2025-09-01 22:45:00,OCC01,0.0
2025-09-01 23:00:00,TEMP01,22.0
2025-09-01 23:00:00,LUX01,0.0
2025-09-01 23:00:00,OCC01,0.0
2025-09-01 23:15:00,TEMP01,22.0
2025-09-01 23:15:00,LUX01,0.0
2025-09-01 23:15:00,OCC01,0.0
2025-09-01 23:30:00,TEMP01,21.3
2025-09-01 23:30:00,LUX01,0.0
2025-09-01 23:30:00,OCC01,1.0
2025-09-01 23:45:00,TEMP01,22.2
2025-09-01 23:45:00,LUX01,0.0
2025-09-01 23:45:00,OCC01,0.0
2025-09-02 00:00:00,TEMP01,21.0
2025-09-02 00:00:00,LUX01,0.0
2025-09-02 00:00:00,OCC01,0.0
2025-09-02 00:15:00,TEMP01,21.1
2025-09-02 00:15:00,LUX01,0.0
2025-09-02 00:15:00,OCC01,0.0
2025-09-02 00:30:00,TEMP01,21.8
2025-09-02 00:30:00,LUX01,0.0
2025-09-02 00:30:00,OCC01,0.0
2025-09-02 00:45:00,TEMP01,22.1
2025-09-02 00:45:00,LUX01,0.0
2025-09-02 00:45:00,OCC01,0.0
2025-09-02 01:00:00,TEMP01,20.4
2025-09-02 01:00:00,LUX01,0.0
2025-09-02 01:00:00,OCC01,0.0
2025-09-02 01:15:00,TEMP01,21.1
2025-09-02 01:15:00,LUX01,0.0
2025-09-02 01:15:00,OCC01,0.0
2025-09-02 01:30:00,TEMP01,20.8
2025-09-02 01:30:00,LUX01,0.0
2025-09-02 01:30:00,OCC01,0.0
2025-09-02 01:45:00,TEMP01,21.8
2025-09-02 01:45:00,LUX01,0.0
2025-09-02 01:45:00,OCC01,0.0
2025-09-02 02:00:00,TEMP01,20.8
2025-09-02 02:00:00,LUX01,0.0
2025-09-02 02:00:00,OCC01,0.0
2025-09-02 02:15:00,TEMP01,20.4
2025-09-02 02:15:00,LUX01,0.0
2025-09-02 02:15:00,OCC01,0.0
2025-09-02 02:30:00,TEMP01,20.9
2025-09-02 02:30:00,LUX01,0.0
2025-09-02 02:30:00,OCC01,0.0
2025-09-02 02:45:00,TEMP01,20.8
2025-09-02 02:45:00,LUX01,0.0
2025-09-02 02:45:00,OCC01,0.0
2025-09-02 03:00:00,TEMP01,21.6
2025-09-02 03:00:00,LUX01,0.0
2025-09-02 03:00:00,OCC01,0.0
2025-09-02 03:15:00,TEMP01,21.4
2025-09-02 03:15:00,LUX01,0.0
2025-09-02 03:15:00,OCC01,0.0
2025-09-02 03:30:00,TEMP01,21.1
2025-09-02 03:30:00,LUX01,0.0
2025-09-02 03:30:00,OCC01,0.0
2025-09-02 03:45:00,TEMP01,21.5
2025-09-02 03:45:00,LUX01,0.0
2025-09-02 03:45:00,OCC01,0.0
2025-09-02 04:00:00,TEMP01,21.0
2025-09-02 04:00:00,LUX01,0.0
2025-09-02 04:00:00,OCC01,0.0
2025-09-02 04:15:00,TEMP01,22.2
2025-09-02 04:15:00,LUX01,0.0
2025-09-02 04:15:00,OCC01,0.0
2025-09-02 04:30:00,TEMP01,21.3
2025-09-02 04:30:00,LUX01,0.0
2025-09-02 04:30:00,OCC01,0.0
2025-09-02 04:45:00,TEMP01,20.1
2025-09-02 04:45:00,LUX01,0.0
2025-09-02 04:45:00,OCC01,0.0
2025-09-02 05:00:00,TEMP01,20.9
2025-09-02 05:00:00,LUX01,0.0
2025-09-02 05:00:00,OCC01,0.0
2025-09-02 05:15:00,TEMP01,20.5
2025-09-02 05:15:00,LUX01,0.0
2025-09-02 05:15:00,OCC01,0.0
2025-09-02 05:30:00,TEMP01,20.8
2025-09-02 05:30:00,LUX01,0.0
2025-09-02 05:30:00,OCC01,0.0
2025-09-02 05:45:00,TEMP01,19.8
2025-09-02 05:45:00,LUX01,0.0
2025-09-02 05:45:00,OCC01,0.0
2025-09-02 06:00:00,TEMP01,23.9
2025-09-02 06:00:00,LUX01,465.0
2025-09-02 06:00:00,OCC01,1.0
2025-09-02 06:15:00,TEMP01,22.8
2025-09-02 06:15:00,LUX01,461.0
2025-09-02 06:15:00,OCC01,0.0
2025-09-02 06:30:00,TEMP01,23.9
2025-09-02 06:30:00,LUX01,416.0
2025-09-02 06:30:00,OCC01,0.0
2025-09-02 06:45:00,TEMP01,24.5
2025-09-02 06:45:00,LUX01,352.0
2025-09-02 06:45:00,OCC01,0.0
2025-09-02 07:00:00,TEMP01,24.2
2025-09-02 07:00:00,LUX01,309.0
2025-09-02 07:00:00,OCC01,0.0
2025-09-02 07:15:00,TEMP01,24.9
2025-09-02 07:15:00,LUX01,584.0
2025-09-02 07:15:00,OCC01,0.0
2025-09-02 07:30:00,TEMP01,23.8
2025-09-02 07:30:00,LUX01,550.0
2025-09-02 07:30:00,OCC01,0.0
2025-09-02 07:45:00,TEMP01,23.6
2025-09-02 07:45:00,LUX01,501.0
2025-09-02 07:45:00,OCC01,0.0
2025-09-02 08:00:00,TEMP01,24.0
2025-09-02 08:00:00,LUX01,366.0
2025-09-02 08:00:00,OCC01,1.0
2025-09-02 08:15:00,TEMP01,23.4
2025-09-02 08:15:00,LUX01,496.0
2025-09-02 08:15:00,OCC01,1.0
2025-09-02 08:30:00,TEMP01,24.6
2025-09-02 08:30:00,LUX01,575.0
2025-09-02 08:30:00,OCC01,1.0
2025-09-02 08:45:00,TEMP01,23.9
2025-09-02 08:45:00,LUX01,398.0
2025-09-02 08:45:00,OCC01,1.0
2025-09-02 09:00:00,TEMP01,23.5
2025-09-02 09:00:00,LUX01,587.0
2025-09-02 09:00:00,OCC01,0.0
2025-09-02 09:15:00,TEMP01,23.4
2025-09-02 09:15:00,LUX01,455.0
2025-09-02 09:15:00,OCC01,1.0
2025-09-02 09:30:00,TEMP01,25.0
2025-09-02 09:30:00,LUX01,415.0
2025-09-02 09:30:00,OCC01,1.0
2025-09-02 09:45:00,TEMP01,23.7
2025-09-02 09:45:00,LUX01,465.0
2025-09-02 09:45:00,OCC01,1.0
2025-09-02 10:00:00,TEMP01,23.3
2025-09-02 10:00:00,LUX01,460.0
2025-09-02 10:00:00,OCC01,1.0
2025-09-02 10:15:00,TEMP01,23.9
2025-09-02 10:15:00,LUX01,323.0
2025-09-02 10:15:00,OCC01,1.0
2025-09-02 10:30:00,TEMP01,24.2
2025-09-02 10:30:00,LUX01,483.0
2025-09-02 10:30:00,OCC01,1.0
2025-09-02 10:45:00,TEMP01,24.5
2025-09-02 10:45:00,LUX01,549.0
2025-09-02 10:45:00,OCC01,1.0
2025-09-02 11:00:00,TEMP01,24.2
2025-09-02 11:00:00,LUX01,406.0
2025-09-02 11:00:00,OCC01,1.0
2025-09-02 11:15:00,TEMP01,23.6
2025-09-02 11:15:00,LUX01,562.0
2025-09-02 11:15:00,OCC01,1.0
2025-09-02 11:30:00,TEMP01,24.9
2025-09-02 11:30:00,LUX01,540.0
2025-09-02 11:30:00,OCC01,1.0
2025-09-02 11:45:00,TEMP01,24.9
2025-09-02 11:45:00,LUX01,530.0
2025-09-02 11:45:00,OCC01,1.0
2025-09-02 12:00:00,TEMP01,24.5
2025-09-02 12:00:00,LUX01,483.0
2025-09-02 12:00:00,OCC01,0.0
2025-09-02 12:15:00,TEMP01,24.1
2025-09-02 12:15:00,LUX01,521.0
2025-09-02 12:15:00,OCC01,0.0
2025-09-02 12:30:00,TEMP01,23.2
2025-09-02 12:30:00,LUX01,399.0
2025-09-02 12:30:00,OCC01,0.0
2025-09-02 12:45:00,TEMP01,23.5
2025-09-02 12:45:00,LUX01,307.0
2025-09-02 12:45:00,OCC01,0.0
2025-09-02 13:00:00,TEMP01,24.6
2025-09-02 13:00:00,LUX01,483.0
2025-09-02 13:00:00,OCC01,1.0
2025-09-02 13:15:00,TEMP01,24.4
2025-09-02 13:15:00,LUX01,585.0
2025-09-02 13:15:00,OCC01,1.0
2025-09-02 13:30:00,TEMP01,24.3
2025-09-02 13:30:00,LUX01,478.0
2025-09-02 13:30:00,OCC01,0.0
2025-09-02 13:45:00,TEMP01,23.8
2025-09-02 13:45:00,LUX01,300.0
2025-09-02 13:45:00,OCC01,0.0
2025-09-02 14:00:00,TEMP01,23.2
2025-09-02 14:00:00,LUX01,394.0
2025-09-02 14:00:00,OCC01,1.0
2025-09-02 14:15:00,TEMP01,23.7
2025-09-02 14:15:00,LUX01,469.0
2025-09-02 14:15:00,OCC01,1.0
2025-09-02 14:30:00,TEMP01,23.8
2025-09-02 14:30:00,LUX01,531.0
2025-09-02 14:30:00,OCC01,0.0
2025-09-02 14:45:00,TEMP01,23.9
2025-09-02 14:45:00,LUX01,423.0
2025-09-02 14:45:00,OCC01,0.0
2025-09-02 15:00:00,TEMP01,24.5
2025-09-02 15:00:00,LUX01,484.0
2025-09-02 15:00:00,OCC01,1.0
2025-09-02 15:15:00,TEMP01,23.4
2025-09-02 15:15:00,LUX01,440.0
2025-09-02 15:15:00,OCC01,0.0
2025-09-02 15:30:00,TEMP01,23.6
2025-09-02 15:30:00,LUX01,543.0
2025-09-02 15:30:00,OCC01,1.0
2025-09-02 15:45:00,TEMP01,24.4
2025-09-02 15:45:00,LUX01,471.0
2025-09-02 15:45:00,OCC01,1.0
2025-09-02 16:00:00,TEMP01,24.3
2025-09-02 16:00:00,LUX01,492.0
2025-09-02 16:00:00,OCC01,0.0
2025-09-02 16:15:00,TEMP01,23.9
2025-09-02 16:15:00,LUX01,352.0
2025-09-02 16:15:00,OCC01,0.0
2025-09-02 16:30:00,TEMP01,24.7
2025-09-02 16:30:00,LUX01,476.0
2025-09-02 16:30:00,OCC01,1.0
2025-09-02 16:45:00,TEMP01,23.8
2025-09-02 16:45:00,LUX01,598.0
2025-09-02 16:45:00,OCC01,1.0
2025-09-02 17:00:00,TEMP01,23.4
2025-09-02 17:00:00,LUX01,477.0
2025-09-02 17:00:00,OCC01,1.0
2025-09-02 17:15:00,TEMP01,24.5
2025-09-02 17:15:00,LUX01,371.0
2025-09-02 17:15:00,OCC01,1.0
2025-09-02 17:30:00,TEMP01,24.8
2025-09-02 17:30:00,LUX01,596.0
2025-09-02 17:30:00,OCC01,1.0
2025-09-02 17:45:00,TEMP01,25.4
2025-09-02 17:45:00,LUX01,407.0
2025-09-02 17:45:00,OCC01,1.0
2025-09-02 18:00:00,TEMP01,21.9
2025-09-02 18:00:00,LUX01,462.0
2025-09-02 18:00:00,OCC01,0.0
2025-09-02 18:15:00,TEMP01,22.0
2025-09-02 18:15:00,LUX01,524.0
2025-09-02 18:15:00,OCC01,0.0
2025-09-02 18:30:00,TEMP01,22.0
2025-09-02 18:30:00,LUX01,386.0
2025-09-02 18:30:00,OCC01,0.0
2025-09-02 18:45:00,TEMP01,21.6
2025-09-02 18:45:00,LUX01,311.0
2025-09-02 18:45:00,OCC01,0.0
2025-09-02 19:00:00,TEMP01,22.6
2025-09-02 19:00:00,LUX01,136.0
2025-09-02 19:00:00,OCC01,0.0
2025-09-02 19:15:00,TEMP01,21.3
2025-09-02 19:15:00,LUX01,250.0
2025-09-02 19:15:00,OCC01,0.0
2025-09-02 19:30:00,TEMP01,21.8
2025-09-02 19:30:00,LUX01,102.0
2025-09-02 19:30:00,OCC01,0.0
2025-09-02 19:45:00,TEMP01,21.3
2025-09-02 19:45:00,LUX01,196.0
2025-09-02 19:45:00,OCC01,0.0
2025-09-02 20:00:00,TEMP01,22.6
2025-09-02 20:00:00,LUX01,120.0
2025-09-02 20:00:00,OCC01,1.0
2025-09-02 20:15:00,TEMP01,21.6
2025-09-02 20:15:00,LUX01,297.0
2025-09-02 20:15:00,OCC01,0.0
2025-09-02 20:30:00,TEMP01,21.8
2025-09-02 20:30:00,LUX01,239.0
2025-09-02 20:30:00,OCC01,1.0
2025-09-02 20:45:00,TEMP01,22.2
2025-09-02 20:45:00,LUX01,110.0
2025-09-02 20:45:00,OCC01,0.0
2025-09-02 21:00:00,TEMP01,22.4
2025-09-02 21:00:00,LUX01,255.0
2025-09-02 21:00:00,OCC01,0.0
2025-09-02 21:15:00,TEMP01,21.7
2025-09-02 21:15:00,LUX01,193.0
2025-09-02 21:15:00,OCC01,1.0
2025-09-02 21:30:00,TEMP01,22.4
2025-09-02 21:30:00,LUX01,232.0
2025-09-02 21:30:00,OCC01,0.0
2025-09-02 21:45:00,TEMP01,22.2
2025-09-02 21:45:00,LUX01,122.0
2025-09-02 21:45:00,OCC01,0.0
2025-09-02 22:00:00,TEMP01,22.4
2025-09-02 22:00:00,LUX01,229.0
2025-09-02 22:00:00,OCC01,0.0
2025-09-02 22:15:00,TEMP01,21.4
2025-09-02 22:15:00,LUX01,187.0
2025-09-02 22:15:00,OCC01,0.0
2025-09-02 22:30:00,TEMP01,21.3
2025-09-02 22:30:00,LUX01,103.0
2025-09-02 22:30:00,OCC01,0.0
2025-09-02 22:45:00,TEMP01,22.0
2025-09-02 22:45:00,LUX01,227.0
2025-09-02 22:45:00,OCC01,0.0
2025-09-02 23:00:00,TEMP01,22.9
2025-09-02 23:00:00,LUX01,0.0
2025-09-02 23:00:00,OCC01,0.0
2025-09-02 23:15:00,TEMP01,21.8
2025-09-02 23:15:00,LUX01,0.0
2025-09-02 23:15:00,OCC01,0.0
2025-09-02 23:30:00,TEMP01,22.4
2025-09-02 23:30:00,LUX01,0.0
2025-09-02 23:30:00,OCC01,0.0
2025-09-02 23:45:00,TEMP01,22.0
2025-09-02 23:45:00,LUX01,0.0
2025-09-02 23:45:00,OCC01,0.0
2025-09-03 00:00:00,TEMP01,21.4
2025-09-03 00:00:00,LUX01,0.0
2025-09-03 00:00:00,OCC01,0.0
2025-09-03 00:15:00,TEMP01,22.2
2025-09-03 00:15:00,LUX01,0.0
2025-09-03 00:15:00,OCC01,0.0
2025-09-03 00:30:00,TEMP01,22.4
2025-09-03 00:30:00,LUX01,0.0
2025-09-03 00:30:00,OCC01,0.0
2025-09-03 00:45:00,TEMP01,23.2
2025-09-03 00:45:00,LUX01,0.0
2025-09-03 00:45:00,OCC01,0.0
2025-09-03 01:00:00,TEMP01,22.1
2025-09-03 01:00:00,LUX01,0.0
2025-09-03 01:00:00,OCC01,1.0
2025-09-03 01:15:00,TEMP01,23.0
2025-09-03 01:15:00,LUX01,0.0
2025-09-03 01:15:00,OCC01,0.0
2025-09-03 01:30:00,TEMP01,22.9
2025-09-03 01:30:00,LUX01,0.0
2025-09-03 01:30:00,OCC01,0.0
2025-09-03 01:45:00,TEMP01,23.7
2025-09-03 01:45:00,LUX01,0.0
2025-09-03 01:45:00,OCC01,0.0
2025-09-03 02:00:00,TEMP01,22.2
2025-09-03 02:00:00,LUX01,0.0
2025-09-03 02:00:00,OCC01,0.0
2025-09-03 02:15:00,TEMP01,23.0
2025-09-03 02:15:00,LUX01,0.0
2025-09-03 02:15:00,OCC01,0.0
2025-09-03 02:30:00,TEMP01,22.9
2025-09-03 02:30:00,LUX01,0.0
2025-09-03 02:30:00,OCC01,0.0
2025-09-03 02:45:00,TEMP01,22.7
2025-09-03 02:45:00,LUX01,0.0
2025-09-03 02:45:00,OCC01,0.0
2025-09-03 03:00:00,TEMP01,22.8
2025-09-03 03:00:00,LUX01,0.0
2025-09-03 03:00:00,OCC01,0.0
2025-09-03 03:15:00,TEMP01,22.2
2025-09-03 03:15:00,LUX01,0.0
2025-09-03 03:15:00,OCC01,1.0
2025-09-03 03:30:00,TEMP01,22.5
2025-09-03 03:30:00,LUX01,0.0
2025-09-03 03:30:00,OCC01,0.0
2025-09-03 03:45:00,TEMP01,22.7
2025-09-03 03:45:00,LUX01,0.0
2025-09-03 03:45:00,OCC01,0.0
2025-09-03 04:00:00,TEMP01,22.3
2025-09-03 04:00:00,LUX01,0.0
2025-09-03 04:00:00,OCC01,0.0
2025-09-03 04:15:00,TEMP01,21.3
2025-09-03 04:15:00,LUX01,0.0
2025-09-03 04:15:00,OCC01,0.0
2025-09-03 04:30:00,TEMP01,22.4
2025-09-03 04:30:00,LUX01,0.0
2025-09-03 04:30:00,OCC01,0.0
2025-09-03 04:45:00,TEMP01,22.2
2025-09-03 04:45:00,LUX01,0.0
2025-09-03 04:45:00,OCC01,1.0
2025-09-03 05:00:00,TEMP01,22.5
2025-09-03 05:00:00,LUX01,0.0
2025-09-03 05:00:00,OCC01,1.0
2025-09-03 05:15:00,TEMP01,22.8
2025-09-03 05:15:00,LUX01,0.0
2025-09-03 05:15:00,OCC01,0.0
2025-09-03 05:30:00,TEMP01,22.0
2025-09-03 05:30:00,LUX01,0.0
2025-09-03 05:30:00,OCC01,0.0
2025-09-03 05:45:00,TEMP01,22.3
2025-09-03 05:45:00,LUX01,0.0
2025-09-03 05:45:00,OCC01,0.0
2025-09-03 06:00:00,TEMP01,25.4
2025-09-03 06:00:00,LUX01,549.0
2025-09-03 06:00:00,OCC01,0.0
2025-09-03 06:15:00,TEMP01,24.8
2025-09-03 06:15:00,LUX01,373.0
2025-09-03 06:15:00,OCC01,0.0
2025-09-03 06:30:00,TEMP01,24.6
2025-09-03 06:30:00,LUX01,415.0
2025-09-03 06:30:00,OCC01,0.0
2025-09-03 06:45:00,TEMP01,26.5
2025-09-03 06:45:00,LUX01,414.0
2025-09-03 06:45:00,OCC01,0.0
2025-09-03 07:00:00,TEMP01,25.8
2025-09-03 07:00:00,LUX01,544.0
2025-09-03 07:00:00,OCC01,0.0
2025-09-03 07:15:00,TEMP01,25.9
2025-09-03 07:15:00,LUX01,372.0
2025-09-03 07:15:00,OCC01,0.0
2025-09-03 07:30:00,TEMP01,25.8
2025-09-03 07:30:00,LUX01,399.0
2025-09-03 07:30:00,OCC01,0.0
2025-09-03 07:45:00,TEMP01,24.8
2025-09-03 07:45:00,LUX01,385.0
2025-09-03 07:45:00,OCC01,0.0
2025-09-03 08:00:00,TEMP01,25.6
2025-09-03 08:00:00,LUX01,443.0
2025-09-03 08:00:00,OCC01,1.0
2025-09-03 08:15:00,TEMP01,25.1
2025-09-03 08:15:00,LUX01,564.0
2025-09-03 08:15:00,OCC01,1.0
2025-09-03 08:30:00,TEMP01,25.6
2025-09-03 08:30:00,LUX01,397.0
2025-09-03 08:30:00,OCC01,1.0
2025-09-03 08:45:00,TEMP01,26.0
2025-09-03 08:45:00,LUX01,313.0
2025-09-03 08:45:00,OCC01,1.0
2025-09-03 09:00:00,TEMP01,24.8
2025-09-03 09:00:00,LUX01,551.0
2025-09-03 09:00:00,OCC01,0.0
2025-09-03 09:15:00,TEMP01,25.2
2025-09-03 09:15:00,LUX01,581.0
2025-09-03 09:15:00,OCC01,1.0
2025-09-03 09:30:00,TEMP01,25.7
2025-09-03 09:30:00,LUX01,354.0
2025-09-03 09:30:00,OCC01,1.0
2025-09-03 09:45:00,TEMP01,26.5
2025-09-03 09:45:00,LUX01,488.0
2025-09-03 09:45:00,OCC01,1.0
2025-09-03 10:00:00,TEMP01,24.8
2025-09-03 10:00:00,LUX01,309.0
2025-09-03 10:00:00,OCC01,1.0
2025-09-03 10:15:00,TEMP01,26.2
2025-09-03 10:15:00,LUX01,517.0
2025-09-03 10:15:00,OCC01,1.0
2025-09-03 10:30:00,TEMP01,25.2
2025-09-03 10:30:00,LUX01,466.0
2025-09-03 10:30:00,OCC01,0.0
2025-09-03 10:45:00,TEMP01,25.8
2025-09-03 10:45:00,LUX01,402.0
2025-09-03 10:45:00,OCC01,1.0
2025-09-03 11:00:00,TEMP01,25.1
2025-09-03 11:00:00,LUX01,378.0
2025-09-03 11:00:00,OCC01,0.0
2025-09-03 11:15:00,TEMP01,25.0
2025-09-03 11:15:00,LUX01,342.0
2025-09-03 11:15:00,OCC01,1.0
2025-09-03 11:30:00,TEMP01,24.8
2025-09-03 11:30:00,LUX01,351.0
2025-09-03 11:30:00,OCC01,0.0
2025-09-03 11:45:00,TEMP01,25.0
2025-09-03 11:45:00,LUX01,474.0
2025-09-03 11:45:00,OCC01,1.0
2025-09-03 12:00:00,TEMP01,25.4
2025-09-03 12:00:00,LUX01,573.0
2025-09-03 12:00:00,OCC01,0.0
2025-09-03 12:15:00,TEMP01,24.8
2025-09-03 12:15:00,LUX01,437.0
2025-09-03 12:15:00,OCC01,0.0
2025-09-03 12:30:00,TEMP01,25.6
2025-09-03 12:30:00,LUX01,320.0
2025-09-03 12:30:00,OCC01,1.0
2025-09-03 12:45:00,TEMP01,25.2
2025-09-03 12:45:00,LUX01,339.0
2025-09-03 12:45:00,OCC01,1.0
2025-09-03 13:00:00,TEMP01,26.1
2025-09-03 13:00:00,LUX01,569.0
2025-09-03 13:00:00,OCC01,0.0
2025-09-03 13:15:00,TEMP01,25.8
2025-09-03 13:15:00,LUX01,506.0
2025-09-03 13:15:00,OCC01,0.0
2025-09-03 13:30:00,TEMP01,25.2
2025-09-03 13:30:00,LUX01,451.0
2025-09-03 13:30:00,OCC01,0.0
2025-09-03 13:45:00,TEMP01,25.8
2025-09-03 13:45:00,LUX01,396.0
2025-09-03 13:45:00,OCC01,0.0
2025-09-03 14:00:00,TEMP01,25.4
2025-09-03 14:00:00,LUX01,543.0
2025-09-03 14:00:00,OCC01,1.0
2025-09-03 14:15:00,TEMP01,25.6
2025-09-03 14:15:00,LUX01,374.0
2025-09-03 14:15:00,OCC01,1.0
2025-09-03 14:30:00,TEMP01,25.4
2025-09-03 14:30:00,LUX01,357.0
2025-09-03 14:30:00,OCC01,1.0
2025-09-03 14:45:00,TEMP01,26.1
2025-09-03 14:45:00,LUX01,510.0
2025-09-03 14:45:00,OCC01,0.0
2025-09-03 15:00:00,TEMP01,25.9
2025-09-03 15:00:00,LUX01,344.0
2025-09-03 15:00:00,OCC01,0.0
2025-09-03 15:15:00,TEMP01,25.0
2025-09-03 15:15:00,LUX01,572.0
2025-09-03 15:15:00,OCC01,1.0
2025-09-03 15:30:00,TEMP01,24.7
2025-09-03 15:30:00,LUX01,384.0
2025-09-03 15:30:00,OCC01,1.0
2025-09-03 15:45:00,TEMP01,25.9
2025-09-03 15:45:00,LUX01,326.0
2025-09-03 15:45:00,OCC01,1.0
2025-09-03 16:00:00,TEMP01,25.5
2025-09-03 16:00:00,LUX01,450.0
2025-09-03 16:00:00,OCC01,1.0
2025-09-03 16:15:00,TEMP01,26.2
2025-09-03 16:15:00,LUX01,331.0
2025-09-03 16:15:00,OCC01,1.0
2025-09-03 16:30:00,TEMP01,24.5
2025-09-03 16:30:00,LUX01,458.0
2025-09-03 16:30:00,OCC01,1.0
2025-09-03 16:45:00,TEMP01,25.0
2025-09-03 16:45:00,LUX01,543.0
2025-09-03 16:45:00,OCC01,0.0
2025-09-03 17:00:00,TEMP01,25.3
2025-09-03 17:00:00,LUX01,592.0
2025-09-03 17:00:00,OCC01,1.0
2025-09-03 17:15:00,TEMP01,25.3
2025-09-03 17:15:00,LUX01,517.0
2025-09-03 17:15:00,OCC01,1.0
2025-09-03 17:30:00,TEMP01,24.9
2025-09-03 17:30:00,LUX01,502.0
2025-09-03 17:30:00,OCC01,1.0
2025-09-03 17:45:00,TEMP01,25.0
2025-09-03 17:45:00,LUX01,342.0
2025-09-03 17:45:00,OCC01,1.0
2025-09-03 18:00:00,TEMP01,24.0
2025-09-03 18:00:00,LUX01,598.0
2025-09-03 18:00:00,OCC01,0.0
2025-09-03 18:15:00,TEMP01,24.4
2025-09-03 18:15:00,LUX01,346.0
2025-09-03 18:15:00,OCC01,0.0
2025-09-03 18:30:00,TEMP01,23.3
2025-09-03 18:30:00,LUX01,305.0
2025-09-03 18:30:00,OCC01,0.0
2025-09-03 18:45:00,TEMP01,23.3
2025-09-03 18:45:00,LUX01,413.0
2025-09-03 18:45:00,OCC01,0.0
2025-09-03 19:00:00,TEMP01,24.1
2025-09-03 19:00:00,LUX01,252.0
2025-09-03 19:00:00,OCC01,0.0
2025-09-03 19:15:00,TEMP01,23.3
2025-09-03 19:15:00,LUX01,133.0
2025-09-03 19:15:00,OCC01,0.0
2025-09-03 19:30:00,TEMP01,23.1
2025-09-03 19:30:00,LUX01,102.0
2025-09-03 19:30:00,OCC01,0.0
2025-09-03 19:45:00,TEMP01,23.7
2025-09-03 19:45:00,LUX01,216.0
2025-09-03 19:45:00,OCC01,1.0
2025-09-03 20:00:00,TEMP01,23.1
2025-09-03 20:00:00,LUX01,142.0
2025-09-03 20:00:00,OCC01,0.0
2025-09-03 20:15:00,TEMP01,23.0
2025-09-03 20:15:00,LUX01,160.0
2025-09-03 20:15:00,OCC01,0.0
2025-09-03 20:30:00,TEMP01,23.7
2025-09-03 20:30:00,LUX01,115.0
2025-09-03 20:30:00,OCC01,0.0
2025-09-03 20:45:00,TEMP01,24.4
2025-09-03 20:45:00,LUX01,252.0
2025-09-03 20:45:00,OCC01,0.0
2025-09-03 21:00:00,TEMP01,23.1
2025-09-03 21:00:00,LUX01,207.0
2025-09-03 21:00:00,OCC01,0.0
2025-09-03 21:15:00,TEMP01,24.3
2025-09-03 21:15:00,LUX01,111.0
2025-09-03 21:15:00,OCC01,0.0
2025-09-03 21:30:00,TEMP01,23.2
2025-09-03 21:30:00,LUX01,123.0
2025-09-03 21:30:00,OCC01,0.0
2025-09-03 21:45:00,TEMP01,23.0
2025-09-03 21:45:00,LUX01,120.0
2025-09-03 21:45:00,OCC01,1.0
2025-09-03 22:00:00,TEMP01,24.0
2025-09-03 22:00:00,LUX01,115.0
2025-09-03 22:00:00,OCC01,0.0
2025-09-03 22:15:00,TEMP01,22.6
2025-09-03 22:15:00,LUX01,144.0
2025-09-03 22:15:00,OCC01,0.0
2025-09-03 22:30:00,TEMP01,22.3
2025-09-03 22:30:00,LUX01,180.0
2025-09-03 22:30:00,OCC01,0.0
2025-09-03 22:45:00,TEMP01,23.4
2025-09-03 22:45:00,LUX01,162.0
2025-09-03 22:45:00,OCC01,0.0
2025-09-03 23:00:00,TEMP01,23.4
2025-09-03 23:00:00,LUX01,0.0
2025-09-03 23:00:00,OCC01,0.0
2025-09-03 23:15:00,TEMP01,23.5
2025-09-03 23:15:00,LUX01,0.0
2025-09-03 23:15:00,OCC01,0.0
2025-09-03 23:30:00,TEMP01,23.0
2025-09-03 23:30:00,LUX01,0.0
2025-09-03 23:30:00,OCC01,0.0
2025-09-03 23:45:00,TEMP01,23.9
2025-09-03 23:45:00,LUX01,0.0
2025-09-03 23:45:00,OCC01,0.0
2025-09-04 00:00:00,TEMP01,23.0
2025-09-04 00:00:00,LUX01,0.0
2025-09-04 00:00:00,OCC01,0.0
2025-09-04 00:15:00,TEMP01,22.9
2025-09-04 00:15:00,LUX01,0.0
2025-09-04 00:15:00,OCC01,0.0
2025-09-04 00:30:00,TEMP01,22.7
2025-09-04 00:30:00,LUX01,0.0
2025-09-04 00:30:00,OCC01,0.0
2025-09-04 00:45:00,TEMP01,22.7
2025-09-04 00:45:00,LUX01,0.0
2025-09-04 00:45:00,OCC01,0.0
2025-09-04 01:00:00,TEMP01,22.2
2025-09-04 01:00:00,LUX01,0.0
2025-09-04 01:00:00,OCC01,0.0
2025-09-04 01:15:00,TEMP01,23.1
2025-09-04 01:15:00,LUX01,0.0
2025-09-04 01:15:00,OCC01,0.0
2025-09-04 01:30:00,TEMP01,22.2
2025-09-04 01:30:00,LUX01,0.0
2025-09-04 01:30:00,OCC01,0.0
2025-09-04 01:45:00,TEMP01,23.4
2025-09-04 01:45:00,LUX01,0.0
2025-09-04 01:45:00,OCC01,0.0
2025-09-04 02:00:00,TEMP01,22.0
2025-09-04 02:00:00,LUX01,0.0
2025-09-04 02:00:00,OCC01,0.0
2025-09-04 02:15:00,TEMP01,22.4
2025-09-04 02:15:00,LUX01,0.0
2025-09-04 02:15:00,OCC01,0.0
2025-09-04 02:30:00,TEMP01,22.6
2025-09-04 02:30:00,LUX01,0.0
2025-09-04 02:30:00,OCC01,0.0
2025-09-04 02:45:00,TEMP01,21.9
2025-09-04 02:45:00,LUX01,0.0
2025-09-04 02:45:00,OCC01,0.0
2025-09-04 03:00:00,TEMP01,21.9
2025-09-04 03:00:00,LUX01,0.0
2025-09-04 03:00:00,OCC01,0.0
2025-09-04 03:15:00,TEMP01,21.8
2025-09-04 03:15:00,LUX01,0.0
2025-09-04 03:15:00,OCC01,0.0
2025-09-04 03:30:00,TEMP01,22.1
2025-09-04 03:30:00,LUX01,0.0
2025-09-04 03:30:00,OCC01,0.0
2025-09-04 03:45:00,TEMP01,22.0
2025-09-04 03:45:00,LUX01,0.0
2025-09-04 03:45:00,OCC01,0.0
2025-09-04 04:00:00,TEMP01,21.5
2025-09-04 04:00:00,LUX01,0.0
2025-09-04 04:00:00,OCC01,0.0
2025-09-04 04:15:00,TEMP01,23.7
2025-09-04 04:15:00,LUX01,0.0
2025-09-04 04:15:00,OCC01,0.0
2025-09-04 04:30:00,TEMP01,23.4
2025-09-04 04:30:00,LUX01,0.0
2025-09-04 04:30:00,OCC01,0.0
2025-09-04 04:45:00,TEMP01,22.6
2025-09-04 04:45:00,LUX01,0.0
2025-09-04 04:45:00,OCC01,0.0
2025-09-04 05:00:00,TEMP01,22.7
2025-09-04 05:00:00,LUX01,0.0
2025-09-04 05:00:00,OCC01,0.0
2025-09-04 05:15:00,TEMP01,21.5
2025-09-04 05:15:00,LUX01,0.0
2025-09-04 05:15:00,OCC01,0.0
2025-09-04 05:30:00,TEMP01,22.3
2025-09-04 05:30:00,LUX01,0.0
2025-09-04 05:30:00,OCC01,0.0
2025-09-04 05:45:00,TEMP01,22.0
2025-09-04 05:45:00,LUX01,0.0
2025-09-04 05:45:00,OCC01,0.0
2025-09-04 06:00:00,TEMP01,25.6
2025-09-04 06:00:00,LUX01,491.0
2025-09-04 06:00:00,OCC01,0.0
2025-09-04 06:15:00,TEMP01,25.5
2025-09-04 06:15:00,LUX01,493.0
2025-09-04 06:15:00,OCC01,0.0
2025-09-04 06:30:00,TEMP01,25.4
2025-09-04 06:30:00,LUX01,565.0
2025-09-04 06:30:00,OCC01,0.0
2025-09-04 06:45:00,TEMP01,25.3
2025-09-04 06:45:00,LUX01,309.0
2025-09-04 06:45:00,OCC01,0.0
2025-09-04 07:00:00,TEMP01,25.8
2025-09-04 07:00:00,LUX01,526.0
2025-09-04 07:00:00,OCC01,0.0
2025-09-04 07:15:00,TEMP01,25.0
2025-09-04 07:15:00,LUX01,309.0
2025-09-04 07:15:00,OCC01,0.0
2025-09-04 07:30:00,TEMP01,25.9
2025-09-04 07:30:00,LUX01,447.0
2025-09-04 07:30:00,OCC01,0.0
2025-09-04 07:45:00,TEMP01,26.1
2025-09-04 07:45:00,LUX01,396.0
2025-09-04 07:45:00,OCC01,0.0
2025-09-04 08:00:00,TEMP01,25.1
2025-09-04 08:00:00,LUX01,455.0
2025-09-04 08:00:00,OCC01,1.0
2025-09-04 08:15:00,TEMP01,26.3
2025-09-04 08:15:00,LUX01,536.0
2025-09-04 08:15:00,OCC01,1.0
2025-09-04 08:30:00,TEMP01,25.7
2025-09-04 08:30:00,LUX01,528.0
2025-09-04 08:30:00,OCC01,0.0
2025-09-04 08:45:00,TEMP01,24.8
2025-09-04 08:45:00,LUX01,547.0
2025-09-04 08:45:00,OCC01,0.0
2025-09-04 09:00:00,TEMP01,25.0
2025-09-04 09:00:00,LUX01,552.0
2025-09-04 09:00:00,OCC01,0.0
2025-09-04 09:15:00,TEMP01,26.2
2025-09-04 09:15:00,LUX01,528.0
2025-09-04 09:15:00,OCC01,1.0
2025-09-04 09:30:00,TEMP01,25.8
2025-09-04 09:30:00,LUX01,388.0
2025-09-04 09:30:00,OCC01,0.0
2025-09-04 09:45:00,TEMP01,25.5
2025-09-04 09:45:00,LUX01,384.0
2025-09-04 09:45:00,OCC01,1.0
2025-09-04 10:00:00,TEMP01,25.3
2025-09-04 10:00:00,LUX01,381.0
2025-09-04 10:00:00,OCC01,1.0
2025-09-04 10:15:00,TEMP01,25.6
2025-09-04 10:15:00,LUX01,562.0
2025-09-04 10:15:00,OCC01,1.0
2025-09-04 10:30:00,TEMP01,25.6
2025-09-04 10:30:00,LUX01,355.0
2025-09-04 10:30:00,OCC01,1.0
2025-09-04 10:45:00,TEMP01,24.7
2025-09-04 10:45:00,LUX01,448.0
2025-09-04 10:45:00,OCC01,1.0
2025-09-04 11:00:00,TEMP01,25.0
2025-09-04 11:00:00,LUX01,342.0
2025-09-04 11:00:00,OCC01,1.0
2025-09-04 11:15:00,TEMP01,25.5
2025-09-04 11:15:00,LUX01,373.0
2025-09-04 11:15:00,OCC01,0.0
2025-09-04 11:30:00,TEMP01,25.9
2025-09-04 11:30:00,LUX01,407.0
2025-09-04 11:30:00,OCC01,0.0
2025-09-04 11:45:00,TEMP01,26.1
2025-09-04 11:45:00,LUX01,485.0
2025-09-04 11:45:00,OCC01,1.0
2025-09-04 12:00:00,TEMP01,25.1
2025-09-04 12:00:00,LUX01,467.0
2025-09-04 12:00:00,OCC01,0.0
2025-09-04 12:15:00,TEMP01,25.6
2025-09-04 12:15:00,LUX01,534.0
2025-09-04 12:15:00,OCC01,0.0
2025-09-04 12:30:00,TEMP01,25.1
2025-09-04 12:30:00,LUX01,448.0
2025-09-04 12:30:00,OCC01,0.0
2025-09-04 12:45:00,TEMP01,26.1
2025-09-04 12:45:00,LUX01,452.0
2025-09-04 12:45:00,OCC01,0.0
2025-09-04 13:00:00,TEMP01,25.9
2025-09-04 13:00:00,LUX01,527.0
2025-09-04 13:00:00,OCC01,1.0
2025-09-04 13:15:00,TEMP01,25.8
2025-09-04 13:15:00,LUX01,367.0
2025-09-04 13:15:00,OCC01,1.0
2025-09-04 13:30:00,TEMP01,24.8
2025-09-04 13:30:00,LUX01,356.0
2025-09-04 13:30:00,OCC01,0.0
2025-09-04 13:45:00,TEMP01,26.2
2025-09-04 13:45:00,LUX01,313.0
2025-09-04 13:45:00,OCC01,0.0
2025-09-04 14:00:00,TEMP01,25.3
2025-09-04 14:00:00,LUX01,378.0
2025-09-04 14:00:00,OCC01,1.0
2025-09-04 14:15:00,TEMP01,25.5
2025-09-04 14:15:00,LUX01,523.0
2025-09-04 14:15:00,OCC01,1.0
2025-09-04 14:30:00,TEMP01,25.3
2025-09-04 14:30:00,LUX01,375.0
2025-09-04 14:30:00,OCC01,0.0
2025-09-04 14:45:00,TEMP01,25.5
2025-09-04 14:45:00,LUX01,320.0
2025-09-04 14:45:00,OCC01,1.0
2025-09-04 15:00:00,TEMP01,25.3
2025-09-04 15:00:00,LUX01,441.0
2025-09-04 15:00:00,OCC01,1.0
2025-09-04 15:15:00,TEMP01,25.3
2025-09-04 15:15:00,LUX01,500.0
2025-09-04 15:15:00,OCC01,1.0
2025-09-04 15:30:00,TEMP01,25.3
2025-09-04 15:30:00,LUX01,362.0
2025-09-04 15:30:00,OCC01,1.0
2025-09-04 15:45:00,TEMP01,25.8
2025-09-04 15:45:00,LUX01,514.0
2025-09-04 15:45:00,OCC01,1.0
2025-09-04 16:00:00,TEMP01,26.6
2025-09-04 16:00:00,LUX01,575.0
2025-09-04 16:00:00,OCC01,1.0
2025-09-04 16:15:00,TEMP01,25.7
2025-09-04 16:15:00,LUX01,357.0
2025-09-04 16:15:00,OCC01,1.0
2025-09-04 16:30:00,TEMP01,24.7
2025-09-04 16:30:00,LUX01,369.0
2025-09-04 16:30:00,OCC01,1.0
2025-09-04 16:45:00,TEMP01,26.3
2025-09-04 16:45:00,LUX01,560.0
2025-09-04 16:45:00,OCC01,1.0
2025-09-04 17:00:00,TEMP01,26.0
2025-09-04 17:00:00,LUX01,318.0
2025-09-04 17:00:00,OCC01,1.0
2025-09-04 17:15:00,TEMP01,26.1
2025-09-04 17:15:00,LUX01,477.0
2025-09-04 17:15:00,OCC01,1.0
2025-09-04 17:30:00,TEMP01,25.9
2025-09-04 17:30:00,LUX01,517.0
2025-09-04 17:30:00,OCC01,1.0
2025-09-04 17:45:00,TEMP01,25.3
2025-09-04 17:45:00,LUX01,470.0
2025-09-04 17:45:00,OCC01,1.0
2025-09-04 18:00:00,TEMP01,22.5
2025-09-04 18:00:00,LUX01,323.0
2025-09-04 18:00:00,OCC01,0.0
2025-09-04 18:15:00,TEMP01,23.3
2025-09-04 18:15:00,LUX01,387.0
2025-09-04 18:15:00,OCC01,0.0
2025-09-04 18:30:00,TEMP01,24.0
2025-09-04 18:30:00,LUX01,500.0
2025-09-04 18:30:00,OCC01,0.0
2025-09-04 18:45:00,TEMP01,23.7
2025-09-04 18:45:00,LUX01,409.0
2025-09-04 18:45:00,OCC01,0.0
2025-09-04 19:00:00,TEMP01,22.7
2025-09-04 19:00:00,LUX01,186.0
2025-09-04 19:00:00,OCC01,0.0
2025-09-04 19:15:00,TEMP01,22.9
2025-09-04 19:15:00,LUX01,286.0
2025-09-04 19:15:00,OCC01,0.0
2025-09-04 19:30:00,TEMP01,24.2
2025-09-04 19:30:00,LUX01,215.0
2025-09-04 19:30:00,OCC01,0.0
2025-09-04 19:45:00,TEMP01,23.8
2025-09-04 19:45:00,LUX01,274.0
2025-09-04 19:45:00,OCC01,0.0
2025-09-04 20:00:00,TEMP01,23.7
2025-09-04 20:00:00,LUX01,244.0
2025-09-04 20:00:00,OCC01,0.0
2025-09-04 20:15:00,TEMP01,22.7
2025-09-04 20:15:00,LUX01,285.0
2025-09-04 20:15:00,OCC01,0.0
2025-09-04 20:30:00,TEMP01,23.1
2025-09-04 20:30:00,LUX01,236.0
2025-09-04 20:30:00,OCC01,0.0
2025-09-04 20:45:00,TEMP01,24.4
2025-09-04 20:45:00,LUX01,284.0
2025-09-04 20:45:00,OCC01,0.0
2025-09-04 21:00:00,TEMP01,23.3
2025-09-04 21:00:00,LUX01,217.0
2025-09-04 21:00:00,OCC01,0.0
2025-09-04 21:15:00,TEMP01,23.6
2025-09-04 21:15:00,LUX01,122.0
2025-09-04 21:15:00,OCC01,0.0
2025-09-04 21:30:00,TEMP01,23.6
2025-09-04 21:30:00,LUX01,118.0
2025-09-04 21:30:00,OCC01,0.0
2025-09-04 21:45:00,TEMP01,23.5
2025-09-04 21:45:00,LUX01,131.0
2025-09-04 21:45:00,OCC01,1.0
2025-09-04 22:00:00,TEMP01,22.6
2025-09-04 22:00:00,LUX01,183.0
2025-09-04 22:00:00,OCC01,0.0
2025-09-04 22:15:00,TEMP01,23.8
2025-09-04 22:15:00,LUX01,201.0
2025-09-04 22:15:00,OCC01,0.0
2025-09-04 22:30:00,TEMP01,22.8
2025-09-04 22:30:00,LUX01,161.0
2025-09-04 22:30:00,OCC01,0.0
2025-09-04 22:45:00,TEMP01,24.0
2025-09-04 22:45:00,LUX01,191.0
2025-09-04 22:45:00,OCC01,0.0
2025-09-04 23:00:00,TEMP01,23.4
2025-09-04 23:00:00,LUX01,0.0
2025-09-04 23:00:00,OCC01,0.0
2025-09-04 23:15:00,TEMP01,23.8
2025-09-04 23:15:00,LUX01,0.0
2025-09-04 23:15:00,OCC01,0.0
2025-09-04 23:30:00,TEMP01,23.0
2025-09-04 23:30:00,LUX01,0.0
2025-09-04 23:30:00,OCC01,0.0
2025-09-04 23:45:00,TEMP01,24.0
2025-09-04 23:45:00,LUX01,0.0
2025-09-04 23:45:00,OCC01,0.0
2025-09-05 00:00:00,TEMP01,21.3
2025-09-05 00:00:00,LUX01,0.0
2025-09-05 00:00:00,OCC01,0.0
2025-09-05 00:15:00,TEMP01,20.8
2025-09-05 00:15:00,LUX01,0.0
2025-09-05 00:15:00,OCC01,0.0
2025-09-05 00:30:00,TEMP01,21.2
2025-09-05 00:30:00,LUX01,0.0
2025-09-05 00:30:00,OCC01,0.0
2025-09-05 00:45:00,TEMP01,21.1
2025-09-05 00:45:00,LUX01,0.0
2025-09-05 00:45:00,OCC01,0.0
2025-09-05 01:00:00,TEMP01,21.7
2025-09-05 01:00:00,LUX01,0.0
2025-09-05 01:00:00,OCC01,0.0
2025-09-05 01:15:00,TEMP01,20.8
2025-09-05 01:15:00,LUX01,0.0
2025-09-05 01:15:00,OCC01,0.0
2025-09-05 01:30:00,TEMP01,20.6
2025-09-05 01:30:00,LUX01,0.0
2025-09-05 01:30:00,OCC01,0.0
2025-09-05 01:45:00,TEMP01,21.0
2025-09-05 01:45:00,LUX01,0.0
2025-09-05 01:45:00,OCC01,0.0
2025-09-05 02:00:00,TEMP01,21.3
2025-09-05 02:00:00,LUX01,0.0
2025-09-05 02:00:00,OCC01,0.0
2025-09-05 02:15:00,TEMP01,21.5
2025-09-05 02:15:00,LUX01,0.0
2025-09-05 02:15:00,OCC01,1.0
2025-09-05 02:30:00,TEMP01,20.7
2025-09-05 02:30:00,LUX01,0.0
2025-09-05 02:30:00,OCC01,1.0
2025-09-05 02:45:00,TEMP01,22.0
2025-09-05 02:45:00,LUX01,0.0
2025-09-05 02:45:00,OCC01,0.0
2025-09-05 03:00:00,TEMP01,21.0
2025-09-05 03:00:00,LUX01,0.0
2025-09-05 03:00:00,OCC01,0.0
2025-09-05 03:15:00,TEMP01,21.4
2025-09-05 03:15:00,LUX01,0.0
2025-09-05 03:15:00,OCC01,0.0
2025-09-05 03:30:00,TEMP01,20.8
2025-09-05 03:30:00,LUX01,0.0
2025-09-05 03:30:00,OCC01,0.0
2025-09-05 03:45:00,TEMP01,22.2
2025-09-05 03:45:00,LUX01,0.0
2025-09-05 03:45:00,OCC01,0.0
2025-09-05 04:00:00,TEMP01,21.1
2025-09-05 04:00:00,LUX01,0.0
2025-09-05 04:00:00,OCC01,0.0
2025-09-05 04:15:00,TEMP01,21.2
2025-09-05 04:15:00,LUX01,0.0
2025-09-05 04:15:00,OCC01,0.0
2025-09-05 04:30:00,TEMP01,21.6
2025-09-05 04:30:00,LUX01,0.0
2025-09-05 04:30:00,OCC01,0.0
2025-09-05 04:45:00,TEMP01,21.6
2025-09-05 04:45:00,LUX01,0.0
2025-09-05 04:45:00,OCC01,0.0
2025-09-05 05:00:00,TEMP01,21.2
2025-09-05 05:00:00,LUX01,0.0
2025-09-05 05:00:00,OCC01,0.0
2025-09-05 05:15:00,TEMP01,20.3
2025-09-05 05:15:00,LUX01,0.0
2025-09-05 05:15:00,OCC01,0.0
2025-09-05 05:30:00,TEMP01,20.6
2025-09-05 05:30:00,LUX01,0.0
2025-09-05 05:30:00,OCC01,0.0
2025-09-05 05:45:00,TEMP01,21.0
2025-09-05 05:45:00,LUX01,0.0
2025-09-05 05:45:00,OCC01,0.0
2025-09-05 06:00:00,TEMP01,24.9
2025-09-05 06:00:00,LUX01,363.0
2025-09-05 06:00:00,OCC01,0.0
2025-09-05 06:15:00,TEMP01,24.5
2025-09-05 06:15:00,LUX01,387.0
2025-09-05 06:15:00,OCC01,0.0
2025-09-05 06:30:00,TEMP01,23.9
2025-09-05 06:30:00,LUX01,460.0
2025-09-05 06:30:00,OCC01,0.0
2025-09-05 06:45:00,TEMP01,24.3
2025-09-05 06:45:00,LUX01,316.0
2025-09-05 06:45:00,OCC01,0.0
2025-09-05 07:00:00,TEMP01,23.4
2025-09-05 07:00:00,LUX01,528.0
2025-09-05 07:00:00,OCC01,0.0
2025-09-05 07:15:00,TEMP01,24.3
2025-09-05 07:15:00,LUX01,333.0
2025-09-05 07:15:00,OCC01,0.0
2025-09-05 07:30:00,TEMP01,24.2
2025-09-05 07:30:00,LUX01,582.0
2025-09-05 07:30:00,OCC01,0.0
2025-09-05 07:45:00,TEMP01,23.5
2025-09-05 07:45:00,LUX01,511.0
2025-09-05 07:45:00,OCC01,0.0
2025-09-05 08:00:00,TEMP01,24.2
2025-09-05 08:00:00,LUX01,476.0
2025-09-05 08:00:00,OCC01,0.0
2025-09-05 08:15:00,TEMP01,24.4
2025-09-05 08:15:00,LUX01,370.0
2025-09-05 08:15:00,OCC01,1.0
2025-09-05 08:30:00,TEMP01,23.3
2025-09-05 08:30:00,LUX01,384.0
2025-09-05 08:30:00,OCC01,1.0
2025-09-05 08:45:00,TEMP01,24.2
2025-09-05 08:45:00,LUX01,507.0
2025-09-05 08:45:00,OCC01,1.0
2025-09-05 09:00:00,TEMP01,23.9
2025-09-05 09:00:00,LUX01,444.0
2025-09-05 09:00:00,OCC01,1.0
2025-09-05 09:15:00,TEMP01,24.6
2025-09-05 09:15:00,LUX01,496.0
2025-09-05 09:15:00,OCC01,1.0
2025-09-05 09:30:00,TEMP01,23.7
2025-09-05 09:30:00,LUX01,595.0
2025-09-05 09:30:00,OCC01,1.0
2025-09-05 09:45:00,TEMP01,24.2
2025-09-05 09:45:00,LUX01,350.0
2025-09-05 09:45:00,OCC01,0.0
2025-09-05 10:00:00,TEMP01,24.5
2025-09-05 10:00:00,LUX01,527.0
2025-09-05 10:00:00,OCC01,1.0
2025-09-05 10:15:00,TEMP01,23.9
2025-09-05 10:15:00,LUX01,478.0
2025-09-05 10:15:00,OCC01,1.0
2025-09-05 10:30:00,TEMP01,23.9
2025-09-05 10:30:00,LUX01,588.0
2025-09-05 10:30:00,OCC01,1.0
2025-09-05 10:45:00,TEMP01,23.8
2025-09-05 10:45:00,LUX01,461.0
2025-09-05 10:45:00,OCC01,1.0
2025-09-05 11:00:00,TEMP01,24.6
2025-09-05 11:00:00,LUX01,561.0
2025-09-05 11:00:00,OCC01,0.0
2025-09-05 11:15:00,TEMP01,24.5
2025-09-05 11:15:00,LUX01,515.0
2025-09-05 11:15:00,OCC01,1.0
2025-09-05 11:30:00,TEMP01,24.0
2025-09-05 11:30:00,LUX01,587.0
2025-09-05 11:30:00,OCC01,1.0
2025-09-05 11:45:00,TEMP01,24.7
2025-09-05 11:45:00,LUX01,403.0
2025-09-05 11:45:00,OCC01,1.0
2025-09-05 12:00:00,TEMP01,24.0
2025-09-05 12:00:00,LUX01,382.0
2025-09-05 12:00:00,OCC01,1.0
2025-09-05 12:15:00,TEMP01,23.0
2025-09-05 12:15:00,LUX01,396.0
2025-09-05 12:15:00,OCC01,0.0
2025-09-05 12:30:00,TEMP01,24.3
2025-09-05 12:30:00,LUX01,473.0
2025-09-05 12:30:00,OCC01,0.0
2025-09-05 12:45:00,TEMP01,24.7
2025-09-05 12:45:00,LUX01,330.0
2025-09-05 12:45:00,OCC01,1.0
2025-09-05 13:00:00,TEMP01,23.6
2025-09-05 13:00:00,LUX01,366.0
2025-09-05 13:00:00,OCC01,0.0
2025-09-05 13:15:00,TEMP01,24.4
2025-09-05 13:15:00,LUX01,433.0
2025-09-05 13:15:00,OCC01,0.0
2025-09-05 13:30:00,TEMP01,24.0
2025-09-05 13:30:00,LUX01,362.0
2025-09-05 13:30:00,OCC01,0.0
2025-09-05 13:45:00,TEMP01,23.6
2025-09-05 13:45:00,LUX01,494.0
2025-09-05 13:45:00,OCC01,1.0
2025-09-05 14:00:00,TEMP01,24.3
2025-09-05 14:00:00,LUX01,517.0
2025-09-05 14:00:00,OCC01,0.0
2025-09-05 14:15:00,TEMP01,23.4
2025-09-05 14:15:00,LUX01,539.0
2025-09-05 14:15:00,OCC01,1.0
2025-09-05 14:30:00,TEMP01,24.6
2025-09-05 14:30:00,LUX01,593.0
2025-09-05 14:30:00,OCC01,1.0
2025-09-05 14:45:00,TEMP01,23.7
2025-09-05 14:45:00,LUX01,501.0
2025-09-05 14:45:00,OCC01,0.0
2025-09-05 15:00:00,TEMP01,24.2
2025-09-05 15:00:00,LUX01,316.0
2025-09-05 15:00:00,OCC01,1.0
2025-09-05 15:15:00,TEMP01,23.3
2025-09-05 15:15:00,LUX01,479.0
2025-09-05 15:15:00,OCC01,1.0
2025-09-05 15:30:00,TEMP01,24.4
2025-09-05 15:30:00,LUX01,465.0
2025-09-05 15:30:00,OCC01,1.0
2025-09-05 15:45:00,TEMP01,24.3
2025-09-05 15:45:00,LUX01,369.0
2025-09-05 15:45:00,OCC01,0.0
2025-09-05 16:00:00,TEMP01,24.1
2025-09-05 16:00:00,LUX01,368.0
2025-09-05 16:00:00,OCC01,1.0
2025-09-05 16:15:00,TEMP01,24.2
2025-09-05 16:15:00,LUX01,556.0
2025-09-05 16:15:00,OCC01,1.0
2025-09-05 16:30:00,TEMP01,22.9
2025-09-05 16:30:00,LUX01,334.0
2025-09-05 16:30:00,OCC01,1.0
2025-09-05 16:45:00,TEMP01,23.4
2025-09-05 16:45:00,LUX01,377.0
2025-09-05 16:45:00,OCC01,1.0
2025-09-05 17:00:00,TEMP01,24.0
2025-09-05 17:00:00,LUX01,325.0
2025-09-05 17:00:00,OCC01,1.0
2025-09-05 17:15:00,TEMP01,23.6
2025-09-05 17:15:00,LUX01,503.0
2025-09-05 17:15:00,OCC01,0.0
2025-09-05 17:30:00,TEMP01,23.5
2025-09-05 17:30:00,LUX01,461.0
2025-09-05 17:30:00,OCC01,1.0
2025-09-05 17:45:00,TEMP01,24.2
2025-09-05 17:45:00,LUX01,557.0
2025-09-05 17:45:00,OCC01,1.0
2025-09-05 18:00:00,TEMP01,22.4
2025-09-05 18:00:00,LUX01,370.0
2025-09-05 18:00:00,OCC01,0.0
2025-09-05 18:15:00,TEMP01,21.9
2025-09-05 18:15:00,LUX01,457.0
2025-09-05 18:15:00,OCC01,0.0
2025-09-05 18:30:00,TEMP01,21.7
2025-09-05 18:30:00,LUX01,530.0
2025-09-05 18:30:00,OCC01,0.0
2025-09-05 18:45:00,TEMP01,21.5
2025-09-05 18:45:00,LUX01,318.0
2025-09-05 18:45:00,OCC01,0.0
2025-09-05 19:00:00,TEMP01,22.1
2025-09-05 19:00:00,LUX01,296.0
2025-09-05 19:00:00,OCC01,0.0
2025-09-05 19:15:00,TEMP01,22.4
2025-09-05 19:15:00,LUX01,205.0
2025-09-05 19:15:00,OCC01,1.0
2025-09-05 19:30:00,TEMP01,21.1
2025-09-05 19:30:00,LUX01,223.0
2025-09-05 19:30:00,OCC01,0.0
2025-09-05 19:45:00,TEMP01,22.0
2025-09-05 19:45:00,LUX01,158.0
2025-09-05 19:45:00,OCC01,0.0
2025-09-05 20:00:00,TEMP01,21.9
2025-09-05 20:00:00,LUX01,203.0
2025-09-05 20:00:00,OCC01,0.0
2025-09-05 20:15:00,TEMP01,22.3
2025-09-05 20:15:00,LUX01,210.0
2025-09-05 20:15:00,OCC01,0.0
2025-09-05 20:30:00,TEMP01,22.5
2025-09-05 20:30:00,LUX01,221.0
2025-09-05 20:30:00,OCC01,0.0
2025-09-05 20:45:00,TEMP01,22.0
2025-09-05 20:45:00,LUX01,177.0
2025-09-05 20:45:00,OCC01,0.0
2025-09-05 21:00:00,TEMP01,23.0
2025-09-05 21:00:00,LUX01,275.0
2025-09-05 21:00:00,OCC01,0.0
2025-09-05 21:15:00,TEMP01,22.0
2025-09-05 21:15:00,LUX01,225.0
2025-09-05 21:15:00,OCC01,0.0
2025-09-05 21:30:00,TEMP01,22.8
2025-09-05 21:30:00,LUX01,284.0
2025-09-05 21:30:00,OCC01,0.0
2025-09-05 21:45:00,TEMP01,22.8
2025-09-05 21:45:00,LUX01,121.0
2025-09-05 21:45:00,OCC01,0.0
2025-09-05 22:00:00,TEMP01,22.5
2025-09-05 22:00:00,LUX01,203.0
2025-09-05 22:00:00,OCC01,0.0
2025-09-05 22:15:00,TEMP01,21.6
2025-09-05 22:15:00,LUX01,166.0
2025-09-05 22:15:00,OCC01,0.0
2025-09-05 22:30:00,TEMP01,22.5
2025-09-05 22:30:00,LUX01,241.0
2025-09-05 22:30:00,OCC01,0.0
2025-09-05 22:45:00,TEMP01,21.9
2025-09-05 22:45:00,LUX01,262.0
2025-09-05 22:45:00,OCC01,0.0
2025-09-05 23:00:00,TEMP01,22.5
2025-09-05 23:00:00,LUX01,0.0
2025-09-05 23:00:00,OCC01,0.0
2025-09-05 23:15:00,TEMP01,22.1
2025-09-05 23:15:00,LUX01,0.0
2025-09-05 23:15:00,OCC01,0.0
2025-09-05 23:30:00,TEMP01,22.4
2025-09-05 23:30:00,LUX01,0.0
2025-09-05 23:30:00,OCC01,0.0
2025-09-05 23:45:00,TEMP01,22.1
2025-09-05 23:45:00,LUX01,0.0
2025-09-05 23:45:00,OCC01,1.0
2025-09-06 00:00:00,TEMP01,21.4
2025-09-06 00:00:00,LUX01,0.0
2025-09-06 00:00:00,OCC01,0.0
2025-09-06 00:15:00,TEMP01,20.7
2025-09-06 00:15:00,LUX01,0.0
2025-09-06 00:15:00,OCC01,0.0
2025-09-06 00:30:00,TEMP01,21.0
2025-09-06 00:30:00,LUX01,0.0
2025-09-06 00:30:00,OCC01,0.0
2025-09-06 00:45:00,TEMP01,21.5
2025-09-06 00:45:00,LUX01,0.0
2025-09-06 00:45:00,OCC01,0.0
2025-09-06 01:00:00,TEMP01,21.0
2025-09-06 01:00:00,LUX01,0.0
2025-09-06 01:00:00,OCC01,1.0
2025-09-06 01:15:00,TEMP01,21.6
2025-09-06 01:15:00,LUX01,0.0
2025-09-06 01:15:00,OCC01,0.0
2025-09-06 01:30:00,TEMP01,21.0
2025-09-06 01:30:00,LUX01,0.0
2025-09-06 01:30:00,OCC01,0.0
2025-09-06 01:45:00,TEMP01,21.6
2025-09-06 01:45:00,LUX01,0.0
2025-09-06 01:45:00,OCC01,0.0
2025-09-06 02:00:00,TEMP01,21.4
2025-09-06 02:00:00,LUX01,0.0
2025-09-06 02:00:00,OCC01,0.0
2025-09-06 02:15:00,TEMP01,21.0
2025-09-06 02:15:00,LUX01,0.0
2025-09-06 02:15:00,OCC01,0.0
2025-09-06 02:30:00,TEMP01,21.4
2025-09-06 02:30:00,LUX01,0.0
2025-09-06 02:30:00,OCC01,0.0
2025-09-06 02:45:00,TEMP01,21.7
2025-09-06 02:45:00,LUX01,0.0
2025-09-06 02:45:00,OCC01,0.0
2025-09-06 03:00:00,TEMP01,21.1
2025-09-06 03:00:00,LUX01,0.0
2025-09-06 03:00:00,OCC01,0.0
2025-09-06 03:15:00,TEMP01,21.3
2025-09-06 03:15:00,LUX01,0.0
2025-09-06 03:15:00,OCC01,0.0
2025-09-06 03:30:00,TEMP01,21.0
2025-09-06 03:30:00,LUX01,0.0
2025-09-06 03:30:00,OCC01,0.0
2025-09-06 03:45:00,TEMP01,20.8
2025-09-06 03:45:00,LUX01,0.0
2025-09-06 03:45:00,OCC01,0.0
2025-09-06 04:00:00,TEMP01,21.3
2025-09-06 04:00:00,LUX01,0.0
2025-09-06 04:00:00,OCC01,0.0
2025-09-06 04:15:00,TEMP01,21.7
2025-09-06 04:15:00,LUX01,0.0
2025-09-06 04:15:00,OCC01,0.0
2025-09-06 04:30:00,TEMP01,21.4
2025-09-06 04:30:00,LUX01,0.0
2025-09-06 04:30:00,OCC01,0.0
2025-09-06 04:45:00,TEMP01,21.5
2025-09-06 04:45:00,LUX01,0.0
2025-09-06 04:45:00,OCC01,0.0
2025-09-06 05:00:00,TEMP01,20.8
2025-09-06 05:00:00,LUX01,0.0
2025-09-06 05:00:00,OCC01,0.0
2025-09-06 05:15:00,TEMP01,20.9
2025-09-06 05:15:00,LUX01,0.0
2025-09-06 05:15:00,OCC01,0.0
2025-09-06 05:30:00,TEMP01,19.6
2025-09-06 05:30:00,LUX01,0.0
2025-09-06 05:30:00,OCC01,0.0
2025-09-06 05:45:00,TEMP01,21.0
2025-09-06 05:45:00,LUX01,0.0
2025-09-06 05:45:00,OCC01,0.0
2025-09-06 06:00:00,TEMP01,24.1
2025-09-06 06:00:00,LUX01,412.0
2025-09-06 06:00:00,OCC01,0.0
2025-09-06 06:15:00,TEMP01,24.3
2025-09-06 06:15:00,LUX01,596.0
2025-09-06 06:15:00,OCC01,0.0
2025-09-06 06:30:00,TEMP01,23.9
2025-09-06 06:30:00,LUX01,489.0
2025-09-06 06:30:00,OCC01,0.0
2025-09-06 06:45:00,TEMP01,25.4
2025-09-06 06:45:00,LUX01,532.0
2025-09-06 06:45:00,OCC01,0.0
2025-09-06 07:00:00,TEMP01,23.3
2025-09-06 07:00:00,LUX01,462.0
2025-09-06 07:00:00,OCC01,0.0
2025-09-06 07:15:00,TEMP01,23.6
2025-09-06 07:15:00,LUX01,588.0
2025-09-06 07:15:00,OCC01,0.0
2025-09-06 07:30:00,TEMP01,24.2
2025-09-06 07:30:00,LUX01,547.0
2025-09-06 07:30:00,OCC01,0.0
2025-09-06 07:45:00,TEMP01,23.1
2025-09-06 07:45:00,LUX01,304.0
2025-09-06 07:45:00,OCC01,0.0
2025-09-06 08:00:00,TEMP01,23.9
2025-09-06 08:00:00,LUX01,573.0
2025-09-06 08:00:00,OCC01,0.0
2025-09-06 08:15:00,TEMP01,24.4
2025-09-06 08:15:00,LUX01,577.0
2025-09-06 08:15:00,OCC01,0.0
2025-09-06 08:30:00,TEMP01,24.0
2025-09-06 08:30:00,LUX01,307.0
2025-09-06 08:30:00,OCC01,0.0
2025-09-06 08:45:00,TEMP01,24.4
2025-09-06 08:45:00,LUX01,470.0
2025-09-06 08:45:00,OCC01,0.0
2025-09-06 09:00:00,TEMP01,25.0
2025-09-06 09:00:00,LUX01,503.0
2025-09-06 09:00:00,OCC01,0.0
2025-09-06 09:15:00,TEMP01,23.7
2025-09-06 09:15:00,LUX01,412.0
2025-09-06 09:15:00,OCC01,0.0
2025-09-06 09:30:00,TEMP01,23.9
2025-09-06 09:30:00,LUX01,374.0
2025-09-06 09:30:00,OCC01,0.0
2025-09-06 09:45:00,TEMP01,24.4
2025-09-06 09:45:00,LUX01,343.0
2025-09-06 09:45:00,OCC01,0.0
2025-09-06 10:00:00,TEMP01,24.3
2025-09-06 10:00:00,LUX01,541.0
2025-09-06 10:00:00,OCC01,1.0
2025-09-06 10:15:00,TEMP01,24.3
2025-09-06 10:15:00,LUX01,525.0
2025-09-06 10:15:00,OCC01,0.0
2025-09-06 10:30:00,TEMP01,24.0
2025-09-06 10:30:00,LUX01,376.0
2025-09-06 10:30:00,OCC01,1.0
2025-09-06 10:45:00,TEMP01,23.6
2025-09-06 10:45:00,LUX01,580.0
2025-09-06 10:45:00,OCC01,0.0
2025-09-06 11:00:00,TEMP01,23.2
2025-09-06 11:00:00,LUX01,412.0
2025-09-06 11:00:00,OCC01,1.0
2025-09-06 11:15:00,TEMP01,23.3
2025-09-06 11:15:00,LUX01,417.0
2025-09-06 11:15:00,OCC01,0.0
2025-09-06 11:30:00,TEMP01,24.4
2025-09-06 11:30:00,LUX01,523.0
2025-09-06 11:30:00,OCC01,0.0
2025-09-06 11:45:00,TEMP01,23.8
2025-09-06 11:45:00,LUX01,573.0
2025-09-06 11:45:00,OCC01,0.0
2025-09-06 12:00:00,TEMP01,23.2
2025-09-06 12:00:00,LUX01,447.0
2025-09-06 12:00:00,OCC01,1.0
2025-09-06 12:15:00,TEMP01,24.8
2025-09-06 12:15:00,LUX01,333.0
2025-09-06 12:15:00,OCC01,0.0
2025-09-06 12:30:00,TEMP01,23.9
2025-09-06 12:30:00,LUX01,524.0
2025-09-06 12:30:00,OCC01,0.0
2025-09-06 12:45:00,TEMP01,24.1
2025-09-06 12:45:00,LUX01,412.0
2025-09-06 12:45:00,OCC01,0.0
2025-09-06 13:00:00,TEMP01,23.2
2025-09-06 13:00:00,LUX01,474.0
2025-09-06 13:00:00,OCC01,1.0
2025-09-06 13:15:00,TEMP01,24.3
2025-09-06 13:15:00,LUX01,516.0
2025-09-06 13:15:00,OCC01,0.0
2025-09-06 13:30:00,TEMP01,24.0
2025-09-06 13:30:00,LUX01,578.0
2025-09-06 13:30:00,OCC01,0.0
2025-09-06 13:45:00,TEMP01,23.4
2025-09-06 13:45:00,LUX01,551.0
2025-09-06 13:45:00,OCC01,0.0
2025-09-06 14:00:00,TEMP01,24.6
2025-09-06 14:00:00,LUX01,592.0
2025-09-06 14:00:00,OCC01,0.0
2025-09-06 14:15:00,TEMP01,23.5
2025-09-06 14:15:00,LUX01,403.0
2025-09-06 14:15:00,OCC01,0.0
2025-09-06 14:30:00,TEMP01,24.1
2025-09-06 14:30:00,LUX01,421.0
2025-09-06 14:30:00,OCC01,0.0
2025-09-06 14:45:00,TEMP01,24.2
2025-09-06 14:45:00,LUX01,436.0
2025-09-06 14:45:00,OCC01,0.0
2025-09-06 15:00:00,TEMP01,24.1
2025-09-06 15:00:00,LUX01,573.0
2025-09-06 15:00:00,OCC01,0.0
2025-09-06 15:15:00,TEMP01,24.2
2025-09-06 15:15:00,LUX01,462.0
2025-09-06 15:15:00,OCC01,0.0
2025-09-06 15:30:00,TEMP01,23.6
2025-09-06 15:30:00,LUX01,395.0
2025-09-06 15:30:00,OCC01,0.0
2025-09-06 15:45:00,TEMP01,24.3
2025-09-06 15:45:00,LUX01,372.0
2025-09-06 15:45:00,OCC01,0.0
2025-09-06 16:00:00,TEMP01,25.0
2025-09-06 16:00:00,LUX01,307.0
2025-09-06 16:00:00,OCC01,0.0
2025-09-06 16:15:00,TEMP01,24.6
2025-09-06 16:15:00,LUX01,313.0
2025-09-06 16:15:00,OCC01,0.0
2025-09-06 16:30:00,TEMP01,24.5
2025-09-06 16:30:00,LUX01,587.0
2025-09-06 16:30:00,OCC01,0.0
2025-09-06 16:45:00,TEMP01,24.3
2025-09-06 16:45:00,LUX01,333.0
2025-09-06 16:45:00,OCC01,0.0
2025-09-06 17:00:00,TEMP01,24.3
2025-09-06 17:00:00,LUX01,302.0
2025-09-06 17:00:00,OCC01,0.0
2025-09-06 17:15:00,TEMP01,25.2
2025-09-06 17:15:00,LUX01,579.0
2025-09-06 17:15:00,OCC01,0.0
2025-09-06 17:30:00,TEMP01,23.8
2025-09-06 17:30:00,LUX01,557.0
2025-09-06 17:30:00,OCC01,0.0
2025-09-06 17:45:00,TEMP01,24.4
2025-09-06 17:45:00,LUX01,380.0
2025-09-06 17:45:00,OCC01,0.0
2025-09-06 18:00:00,TEMP01,22.2
2025-09-06 18:00:00,LUX01,343.0
2025-09-06 18:00:00,OCC01,0.0
2025-09-06 18:15:00,TEMP01,22.0
2025-09-06 18:15:00,LUX01,458.0
2025-09-06 18:15:00,OCC01,0.0
2025-09-06 18:30:00,TEMP01,22.1
2025-09-06 18:30:00,LUX01,545.0
2025-09-06 18:30:00,OCC01,0.0
2025-09-06 18:45:00,TEMP01,22.1
2025-09-06 18:45:00,LUX01,469.0
2025-09-06 18:45:00,OCC01,0.0
2025-09-06 19:00:00,TEMP01,22.0
2025-09-06 19:00:00,LUX01,158.0
2025-09-06 19:00:00,OCC01,0.0
2025-09-06 19:15:00,TEMP01,22.0
2025-09-06 19:15:00,LUX01,133.0
2025-09-06 19:15:00,OCC01,0.0
2025-09-06 19:30:00,TEMP01,22.6
2025-09-06 19:30:00,LUX01,195.0
2025-09-06 19:30:00,OCC01,0.0
2025-09-06 19:45:00,TEMP01,22.2
2025-09-06 19:45:00,LUX01,175.0
2025-09-06 19:45:00,OCC01,0.0
2025-09-06 20:00:00,TEMP01,21.4
2025-09-06 20:00:00,LUX01,260.0
2025-09-06 20:00:00,OCC01,0.0
2025-09-06 20:15:00,TEMP01,21.2
2025-09-06 20:15:00,LUX01,265.0
2025-09-06 20:15:00,OCC01,0.0
2025-09-06 20:30:00,TEMP01,22.8
2025-09-06 20:30:00,LUX01,243.0
2025-09-06 20:30:00,OCC01,0.0
2025-09-06 20:45:00,TEMP01,22.5
2025-09-06 20:45:00,LUX01,216.0
2025-09-06 20:45:00,OCC01,0.0
2025-09-06 21:00:00,TEMP01,21.6
2025-09-06 21:00:00,LUX01,118.0
2025-09-06 21:00:00,OCC01,0.0
2025-09-06 21:15:00,TEMP01,22.2
2025-09-06 21:15:00,LUX01,198.0
2025-09-06 21:15:00,OCC01,0.0
2025-09-06 21:30:00,TEMP01,22.0
2025-09-06 21:30:00,LUX01,166.0
2025-09-06 21:30:00,OCC01,0.0
2025-09-06 21:45:00,TEMP01,22.4
2025-09-06 21:45:00,LUX01,109.0
2025-09-06 21:45:00,OCC01,0.0
2025-09-06 22:00:00,TEMP01,22.6
2025-09-06 22:00:00,LUX01,175.0
2025-09-06 22:00:00,OCC01,0.0
2025-09-06 22:15:00,TEMP01,21.3
2025-09-06 22:15:00,LUX01,181.0
2025-09-06 22:15:00,OCC01,0.0
2025-09-06 22:30:00,TEMP01,22.6
2025-09-06 22:30:00,LUX01,182.0
2025-09-06 22:30:00,OCC01,0.0
2025-09-06 22:45:00,TEMP01,21.8
2025-09-06 22:45:00,LUX01,250.0
2025-09-06 22:45:00,OCC01,0.0
2025-09-06 23:00:00,TEMP01,22.9
2025-09-06 23:00:00,LUX01,0.0
2025-09-06 23:00:00,OCC01,0.0
2025-09-06 23:15:00,TEMP01,21.5
2025-09-06 23:15:00,LUX01,0.0
2025-09-06 23:15:00,OCC01,0.0
2025-09-06 23:30:00,TEMP01,22.5
2025-09-06 23:30:00,LUX01,0.0
2025-09-06 23:30:00,OCC01,0.0
2025-09-06 23:45:00,TEMP01,21.2
2025-09-06 23:45:00,LUX01,0.0
2025-09-06 23:45:00,OCC01,0.0
2025-09-07 00:00:00,TEMP01,21.4
2025-09-07 00:00:00,LUX01,0.0
2025-09-07 00:00:00,OCC01,0.0
2025-09-07 00:15:00,TEMP01,21.1
2025-09-07 00:15:00,LUX01,0.0
2025-09-07 00:15:00,OCC01,0.0
2025-09-07 00:30:00,TEMP01,21.2
2025-09-07 00:30:00,LUX01,0.0
2025-09-07 00:30:00,OCC01,0.0
2025-09-07 00:45:00,TEMP01,21.4
2025-09-07 00:45:00,LUX01,0.0
2025-09-07 00:45:00,OCC01,0.0
2025-09-07 01:00:00,TEMP01,20.3
2025-09-07 01:00:00,LUX01,0.0
2025-09-07 01:00:00,OCC01,0.0
2025-09-07 01:15:00,TEMP01,20.7
2025-09-07 01:15:00,LUX01,0.0
2025-09-07 01:15:00,OCC01,0.0
2025-09-07 01:30:00,TEMP01,20.2
2025-09-07 01:30:00,LUX01,0.0
2025-09-07 01:30:00,OCC01,0.0
2025-09-07 01:45:00,TEMP01,21.4
2025-09-07 01:45:00,LUX01,0.0
2025-09-07 01:45:00,OCC01,0.0
2025-09-07 02:00:00,TEMP01,20.4
2025-09-07 02:00:00,LUX01,0.0
2025-09-07 02:00:00,OCC01,0.0
2025-09-07 02:15:00,TEMP01,21.0
2025-09-07 02:15:00,LUX01,0.0
2025-09-07 02:15:00,OCC01,0.0
2025-09-07 02:30:00,TEMP01,20.7
2025-09-07 02:30:00,LUX01,0.0
2025-09-07 02:30:00,OCC01,0.0
2025-09-07 02:45:00,TEMP01,21.3
2025-09-07 02:45:00,LUX01,0.0
2025-09-07 02:45:00,OCC01,0.0
2025-09-07 03:00:00,TEMP01,20.9
2025-09-07 03:00:00,LUX01,0.0
2025-09-07 03:00:00,OCC01,0.0
2025-09-07 03:15:00,TEMP01,20.7
2025-09-07 03:15:00,LUX01,0.0
2025-09-07 03:15:00,OCC01,0.0
2025-09-07 03:30:00,TEMP01,20.0
2025-09-07 03:30:00,LUX01,0.0
2025-09-07 03:30:00,OCC01,0.0
2025-09-07 03:45:00,TEMP01,20.6
2025-09-07 03:45:00,LUX01,0.0
2025-09-07 03:45:00,OCC01,0.0
2025-09-07 04:00:00,TEMP01,21.1
2025-09-07 04:00:00,LUX01,0.0
2025-09-07 04:00:00,OCC01,0.0
2025-09-07 04:15:00,TEMP01,22.3
2025-09-07 04:15:00,LUX01,0.0
2025-09-07 04:15:00,OCC01,0.0
2025-09-07 04:30:00,TEMP01,20.8
2025-09-07 04:30:00,LUX01,0.0
2025-09-07 04:30:00,OCC01,0.0
2025-09-07 04:45:00,TEMP01,21.0
2025-09-07 04:45:00,LUX01,0.0
2025-09-07 04:45:00,OCC01,0.0
2025-09-07 05:00:00,TEMP01,21.1
2025-09-07 05:00:00,LUX01,0.0
2025-09-07 05:00:00,OCC01,1.0
2025-09-07 05:15:00,TEMP01,20.3
2025-09-07 05:15:00,LUX01,0.0
2025-09-07 05:15:00,OCC01,0.0
2025-09-07 05:30:00,TEMP01,21.2
2025-09-07 05:30:00,LUX01,0.0
2025-09-07 05:30:00,OCC01,0.0
2025-09-07 05:45:00,TEMP01,20.9
2025-09-07 05:45:00,LUX01,0.0
2025-09-07 05:45:00,OCC01,0.0
2025-09-07 06:00:00,TEMP01,24.5
2025-09-07 06:00:00,LUX01,300.0
2025-09-07 06:00:00,OCC01,0.0
2025-09-07 06:15:00,TEMP01,23.7
2025-09-07 06:15:00,LUX01,431.0
2025-09-07 06:15:00,OCC01,0.0
2025-09-07 06:30:00,TEMP01,23.6
2025-09-07 06:30:00,LUX01,562.0
2025-09-07 06:30:00,OCC01,0.0
2025-09-07 06:45:00,TEMP01,24.9
2025-09-07 06:45:00,LUX01,468.0
2025-09-07 06:45:00,OCC01,0.0
2025-09-07 07:00:00,TEMP01,24.9
2025-09-07 07:00:00,LUX01,488.0
2025-09-07 07:00:00,OCC01,1.0
2025-09-07 07:15:00,TEMP01,23.8
2025-09-07 07:15:00,LUX01,494.0
2025-09-07 07:15:00,OCC01,0.0
2025-09-07 07:30:00,TEMP01,23.8
2025-09-07 07:30:00,LUX01,431.0
2025-09-07 07:30:00,OCC01,0.0
2025-09-07 07:45:00,TEMP01,23.6
2025-09-07 07:45:00,LUX01,527.0
2025-09-07 07:45:00,OCC01,0.0
2025-09-07 08:00:00,TEMP01,24.0
2025-09-07 08:00:00,LUX01,383.0
2025-09-07 08:00:00,OCC01,0.0
2025-09-07 08:15:00,TEMP01,23.8
2025-09-07 08:15:00,LUX01,479.0
2025-09-07 08:15:00,OCC01,0.0
2025-09-07 08:30:00,TEMP01,24.0
2025-09-07 08:30:00,LUX01,377.0
2025-09-07 08:30:00,OCC01,0.0
2025-09-07 08:45:00,TEMP01,23.9
2025-09-07 08:45:00,LUX01,477.0
2025-09-07 08:45:00,OCC01,0.0
2025-09-07 09:00:00,TEMP01,24.8
2025-09-07 09:00:00,LUX01,511.0
2025-09-07 09:00:00,OCC01,0.0
2025-09-07 09:15:00,TEMP01,24.4
2025-09-07 09:15:00,LUX01,389.0
2025-09-07 09:15:00,OCC01,0.0
2025-09-07 09:30:00,TEMP01,23.9
2025-09-07 09:30:00,LUX01,445.0
2025-09-07 09:30:00,OCC01,0.0
2025-09-07 09:45:00,TEMP01,23.7
2025-09-07 09:45:00,LUX01,566.0
2025-09-07 09:45:00,OCC01,0.0
2025-09-07 10:00:00,TEMP01,23.7
2025-09-07 10:00:00,LUX01,387.0
2025-09-07 10:00:00,OCC01,0.0
2025-09-07 10:15:00,TEMP01,24.3
2025-09-07 10:15:00,LUX01,301.0
2025-09-07 10:15:00,OCC01,0.0
2025-09-07 10:30:00,TEMP01,22.7
2025-09-07 10:30:00,LUX01,432.0
2025-09-07 10:30:00,OCC01,0.0
2025-09-07 10:45:00,TEMP01,23.7
2025-09-07 10:45:00,LUX01,494.0
2025-09-07 10:45:00,OCC01,0.0
2025-09-07 11:00:00,TEMP01,24.0
2025-09-07 11:00:00,LUX01,350.0
2025-09-07 11:00:00,OCC01,0.0
2025-09-07 11:15:00,TEMP01,24.2
2025-09-07 11:15:00,LUX01,577.0
2025-09-07 11:15:00,OCC01,0.0
2025-09-07 11:30:00,TEMP01,23.5
2025-09-07 11:30:00,LUX01,523.0
2025-09-07 11:30:00,OCC01,0.0
2025-09-07 11:45:00,TEMP01,23.5
2025-09-07 11:45:00,LUX01,572.0
2025-09-07 11:45:00,OCC01,0.0
2025-09-07 12:00:00,TEMP01,23.6
2025-09-07 12:00:00,LUX01,311.0
2025-09-07 12:00:00,OCC01,0.0
2025-09-07 12:15:00,TEMP01,24.4
2025-09-07 12:15:00,LUX01,334.0
2025-09-07 12:15:00,OCC01,0.0
2025-09-07 12:30:00,TEMP01,23.3
2025-09-07 12:30:00,LUX01,334.0
2025-09-07 12:30:00,OCC01,0.0
2025-09-07 12:45:00,TEMP01,24.8
2025-09-07 12:45:00,LUX01,305.0
2025-09-07 12:45:00,OCC01,0.0
2025-09-07 13:00:00,TEMP01,23.3
2025-09-07 13:00:00,LUX01,566.0
2025-09-07 13:00:00,OCC01,0.0
2025-09-07 13:15:00,TEMP01,23.7
2025-09-07 13:15:00,LUX01,518.0
2025-09-07 13:15:00,OCC01,0.0
2025-09-07 13:30:00,TEMP01,24.4
2025-09-07 13:30:00,LUX01,421.0
2025-09-07 13:30:00,OCC01,0.0
2025-09-07 13:45:00,TEMP01,24.1
2025-09-07 13:45:00,LUX01,341.0
2025-09-07 13:45:00,OCC01,0.0
2025-09-07 14:00:00,TEMP01,24.6
2025-09-07 14:00:00,LUX01,420.0
2025-09-07 14:00:00,OCC01,0.0
2025-09-07 14:15:00,TEMP01,24.3
2025-09-07 14:15:00,LUX01,571.0
2025-09-07 14:15:00,OCC01,1.0
2025-09-07 14:30:00,TEMP01,24.2
2025-09-07 14:30:00,LUX01,448.0
2025-09-07 14:30:00,OCC01,0.0
2025-09-07 14:45:00,TEMP01,23.9
2025-09-07 14:45:00,LUX01,525.0
2025-09-07 14:45:00,OCC01,0.0
2025-09-07 15:00:00,TEMP01,23.6
2025-09-07 15:00:00,LUX01,570.0
2025-09-07 15:00:00,OCC01,0.0
2025-09-07 15:15:00,TEMP01,24.7
2025-09-07 15:15:00,LUX01,352.0
2025-09-07 15:15:00,OCC01,0.0
2025-09-07 15:30:00,TEMP01,23.7
2025-09-07 15:30:00,LUX01,575.0
2025-09-07 15:30:00,OCC01,0.0
2025-09-07 15:45:00,TEMP01,23.8
2025-09-07 15:45:00,LUX01,527.0
2025-09-07 15:45:00,OCC01,0.0
2025-09-07 16:00:00,TEMP01,23.2
2025-09-07 16:00:00,LUX01,415.0
2025-09-07 16:00:00,OCC01,0.0
2025-09-07 16:15:00,TEMP01,23.0
2025-09-07 16:15:00,LUX01,489.0
2025-09-07 16:15:00,OCC01,0.0
2025-09-07 16:30:00,TEMP01,23.4
2025-09-07 16:30:00,LUX01,519.0
2025-09-07 16:30:00,OCC01,0.0
2025-09-07 16:45:00,TEMP01,23.2
2025-09-07 16:45:00,LUX01,460.0
2025-09-07 16:45:00,OCC01,0.0
2025-09-07 17:00:00,TEMP01,23.6
2025-09-07 17:00:00,LUX01,471.0
2025-09-07 17:00:00,OCC01,0.0
2025-09-07 17:15:00,TEMP01,23.5
2025-09-07 17:15:00,LUX01,351.0
2025-09-07 17:15:00,OCC01,0.0
2025-09-07 17:30:00,TEMP01,24.2
2025-09-07 17:30:00,LUX01,384.0
2025-09-07 17:30:00,OCC01,0.0
2025-09-07 17:45:00,TEMP01,23.7
2025-09-07 17:45:00,LUX01,583.0
2025-09-07 17:45:00,OCC01,0.0
2025-09-07 18:00:00,TEMP01,21.6
2025-09-07 18:00:00,LUX01,499.0
2025-09-07 18:00:00,OCC01,0.0
2025-09-07 18:15:00,TEMP01,22.1
2025-09-07 18:15:00,LUX01,322.0
2025-09-07 18:15:00,OCC01,0.0
2025-09-07 18:30:00,TEMP01,22.4
2025-09-07 18:30:00,LUX01,540.0
2025-09-07 18:30:00,OCC01,0.0
2025-09-07 18:45:00,TEMP01,22.6
2025-09-07 18:45:00,LUX01,494.0
2025-09-07 18:45:00,OCC01,0.0
2025-09-07 19:00:00,TEMP01,21.4
2025-09-07 19:00:00,LUX01,285.0
2025-09-07 19:00:00,OCC01,0.0
2025-09-07 19:15:00,TEMP01,22.3
2025-09-07 19:15:00,LUX01,173.0
2025-09-07 19:15:00,OCC01,0.0
2025-09-07 19:30:00,TEMP01,21.5
2025-09-07 19:30:00,LUX01,233.0
2025-09-07 19:30:00,OCC01,0.0
2025-09-07 19:45:00,TEMP01,21.4
2025-09-07 19:45:00,LUX01,227.0
2025-09-07 19:45:00,OCC01,0.0
2025-09-07 20:00:00,TEMP01,22.0
2025-09-07 20:00:00,LUX01,222.0
2025-09-07 20:00:00,OCC01,0.0
2025-09-07 20:15:00,TEMP01,21.4
2025-09-07 20:15:00,LUX01,153.0
2025-09-07 20:15:00,OCC01,0.0
2025-09-07 20:30:00,TEMP01,21.9
2025-09-07 20:30:00,LUX01,213.0
2025-09-07 20:30:00,OCC01,0.0
2025-09-07 20:45:00,TEMP01,22.2
2025-09-07 20:45:00,LUX01,179.0
2025-09-07 20:45:00,OCC01,0.0
2025-09-07 21:00:00,TEMP01,21.5
2025-09-07 21:00:00,LUX01,276.0
2025-09-07 21:00:00,OCC01,0.0
2025-09-07 21:15:00,TEMP01,21.6
2025-09-07 21:15:00,LUX01,189.0
2025-09-07 21:15:00,OCC01,0.0
2025-09-07 21:30:00,TEMP01,21.9
2025-09-07 21:30:00,LUX01,123.0
2025-09-07 21:30:00,OCC01,0.0
2025-09-07 21:45:00,TEMP01,22.2
2025-09-07 21:45:00,LUX01,275.0
2025-09-07 21:45:00,OCC01,0.0
2025-09-07 22:00:00,TEMP01,22.1
2025-09-07 22:00:00,LUX01,260.0
2025-09-07 22:00:00,OCC01,0.0
2025-09-07 22:15:00,TEMP01,22.3
2025-09-07 22:15:00,LUX01,223.0
2025-09-07 22:15:00,OCC01,0.0
2025-09-07 22:30:00,TEMP01,23.0
2025-09-07 22:30:00,LUX01,213.0
2025-09-07 22:30:00,OCC01,0.0
2025-09-07 22:45:00,TEMP01,21.6
2025-09-07 22:45:00,LUX01,170.0
2025-09-07 22:45:00,OCC01,0.0
2025-09-07 23:00:00,TEMP01,21.6
2025-09-07 23:00:00,LUX01,0.0
2025-09-07 23:00:00,OCC01,0.0
2025-09-07 23:15:00,TEMP01,22.0
2025-09-07 23:15:00,LUX01,0.0
2025-09-07 23:15:00,OCC01,0.0
2025-09-07 23:30:00,TEMP01,21.4
2025-09-07 23:30:00,LUX01,0.0
2025-09-07 23:30:00,OCC01,0.0
2025-09-07 23:45:00,TEMP01,22.0
2025-09-07 23:45:00,LUX01,0.0
2025-09-07 23:45:00,OCC01,0.0
